,,,,,,,,,,,,,,,,,,,,,,,,,,,,,,,
,,,,,,,,,,,,,,,,,,,,,,,,,,,,,,Fórmulas usadas,
,,Mapa de calor,,,,,,,,,,,,,,,,,,,,,,,,,,,,,
,,,,,,,,,,,,,,,,,,,,,,,,,,,,,,,
Profissão/Idade,18-25,26-40,41-55,56-65,,,,,,,,,,,,,,,,,,,,,,,,,,TI,326
Marketing,347,308,289,326,,,,,,,,,,,,,,,,,,,,,,,,,,Marketing,347
TI,352,297,319,347,,,,,,,,,,,,,,,,,,,,,,,,,,TI,337
Comercial,362,288,304,337,,,,,,,,,,,,,,,,,,,,,,,,,,Operações,335
Financeiro,370,299,315,335,,,,,,,,,,,,,,,,,,,,,,,,,,Comercial,360
Operações,381,337,339,360,,,,,,,,,,,,,,,,,,,,,,,,,,Marketing,
,,,,,,,,,,,,,,,,,,,,,,,,,,,,,,Operações,
,,,,,,,,,,,,,,,,,,,,,,,,,,,,,,Financeiro,
,,,,,,,,,,,,,,,,,,,,,,,,,,,,,,Operações,
,,Maior para o menor,,,,,,,Maior para o menor,,,,,,,,,,,,,,,,,,,,,Comercial,
,,,,,,,,,,,,,,,,,,,,,,,,,,,,,,Comercial,
,,,,,,,,,,,,,,,,,,,,,,,,,,,,,,Financeiro,
,,,,,,,,,,,,,,,,,,,,,,,,,,,,,,Operações,
,,,,,,,,,,,,,,,,,,,,,,,,,,,,,,Marketing,
,,,,,,,,,,,,,,,,,,,,,,,,,,,,,,TI,
,,,,,,,,,,,,,,,,,,,,,,,,,,,,,,Operações,
,,,,,,,,,,,,,,,,,,,,,,,,,,,,,,TI,
,,,,,,,,,,,,,,,,,,,,,,,,,,,,,,Operações,
,,,,,,,,,,,,,,,,,,,,,,,,,,,,,,Operações,
,,,,,,,,,,,,,,,,,,,,,,,,,,,,,,Financeiro,
,,,,,,,,,,,,,,,,,,,,,,,,,,,,,,Marketing,
,,,,,,,,,,,,,,,,,,,,,,,,,,,,,,Marketing,
,,,,,,,,,,,,,,,,,,,,,,,,,,,,,,Financeiro,
,,,,,,,,,,,,,,,,,,,,,,,,,,,,,,TI,
,,,,,,,,,,,,,,,,,,,,,,,,,,,,,,Comercial,
,,,,,,,,,,,,,,,,,,,,,,,,,,,,,,Comercial,
,,,,,,,,,,,,,,,,,,,,,,,,,,,,,,Operações,
,,,,,,,,,,,,,,,,,,,,,,,,,,,,,,TI,
,,,,,,,,,,,,,,,,,,,,,,,,,,,,,,RH,
,,,,,,,,,,,,,,,,,,,,,,,,,,,,,,Financeiro,
,,,,,,,,,,,,,,,,,,,,,,,,,,,,,,Marketing,
,,,,,,,,,,,,,,,,,,,,,,,,,,,,,,Financeiro,
,,,,,,,,,,,,,,,,,,,,,,,,,,,,,,Financeiro,
,,,,,,,,,,,,,,,,,,,,,,,,,,,,,,Financeiro,
,,,,,,,,,,,,,,,,,,,,,,,,,,,,,,Operações,
,,,,,,,,,,,,,,,,,,,,,,,,,,,,,,Comercial,
,,,,,,,,,,,,,,,,,,,,,,,,,,,,,,TI,
,,,,,,,,,,,,,,,,,,,,,,,,,,,,,,Comercial,
,,,,,,,,,,,,,,,,,,,,,,,,,,,,,,Comercial,
,,,,,,,,,,,,,,,,,,,,,,,,,,,,,,RH,
,,,,,,,,,,,,,,,,,,,,,,,,,,,,,,Operações,
,,,,,,,,,,,,,,,,,,,,,,,,,,,,,,Financeiro,
,,,,,,,,,,,,,,,,,,,,,,,,,,,,,,Marketing,
,,,,,,,,,,,,,,,,,,,,,,,,,,,,,,Financeiro,
,,,,,,,,,,,,,,,,,,,,,,,,,,,,,,Operações,
,,,,,,,,,,,,,,,,,,,,,,,,,,,,,,TI,
,,,,,,,,,,,,,,,,,,,,,,,,,,,,,,RH,
,,,,,,,,,,,,,,,,,,,,,,,,,,,,,,Operações,
,,,,,,,,,,,,,,,,,,,,,,,,,,,,,,Marketing,
,,,,,,,,,,,,,,,,,,,,,,,,,,,,,,Operações,
,,,,,,,,,,,,,,,,,,,,,,,,,,,,,,RH,
,,,,,,,,,,,,,,,,,,,,,,,,,,,,,,TI,
,,,,,,,,,,,,,,,,,,,,,,,,,,,,,,Financeiro,
,,,,,,,,,,,,,,,,,,,,,,,,,,,,,,Marketing,
,,,,,,,,,,,,,,,,,,,,,,,,,,,,,,RH,
,,,,,,,,,,,,,,,,,,,,,,,,,,,,,,Comercial,
,,,,,,,,,,,,,,,,,,,,,,,,,,,,,,RH,
,,,,,,,,,,,,,,,,,,,,,,,,,,,,,,Marketing,
,,,,,,,,,,,,,,,,,,,,,,,,,,,,,,Comercial,
,,,,,,,,,,,,,,,,,,,,,,,,,,,,,,Operações,
,,,,,,,,,,,,,,,,,,,,,,,,,,,,,,Marketing,
,,,,,,,,,,,,,,,,,,,,,,,,,,,,,,Operações,
,,,,,,,,,,,,,,,,,,,,,,,,,,,,,,Marketing,
,,,,,,,,,,,,,,,,,,,,,,,,,,,,,,Operações,
,,,,,,,,,,,,,,,,,,,,,,,,,,,,,,TI,
,,,,,,,,,,,,,,,,,,,,,,,,,,,,,,RH,
,,,,,,,,,,,,,,,,,,,,,,,,,,,,,,Marketing,
,,,,,,,,,,,,,,,,,,,,,,,,,,,,,,TI,
,,,,,,,,,,,,,,,,,,,,,,,,,,,,,,Comercial,
,,,,,,,,,,,,,,,,,,,,,,,,,,,,,,Marketing,
,,,,,,,,,,,,,,,,,,,,,,,,,,,,,,Operações,
,,,,,,,,,,,,,,,,,,,,,,,,,,,,,,Operações,
,,,,,,,,,,,,,,,,,,,,,,,,,,,,,,Comercial,
,,,,,,,,,,,,,,,,,,,,,,,,,,,,,,Operações,
,,,,,,,,,,,,,,,,,,,,,,,,,,,,,,Marketing,
,,,,,,,,,,,,,,,,,,,,,,,,,,,,,,Marketing,
,,,,,,,,,,,,,,,,,,,,,,,,,,,,,,TI,
,,,,,,,,,,,,,,,,,,,,,,,,,,,,,,Marketing,
,,,,,,,,,,,,,,,,,,,,,,,,,,,,,,Financeiro,
,,,,,,,,,,,,,,,,,,,,,,,,,,,,,,Marketing,
,,,,,,,,,,,,,,,,,,,,,,,,,,,,,,RH,
,,,,,,,,,,,,,,,,,,,,,,,,,,,,,,Marketing,
,,,,,,,,,,,,,,,,,,,,,,,,,,,,,,Operações,
,,,,,,,,,,,,,,,,,,,,,,,,,,,,,,Comercial,
,,,,,,,,,,,,,,,,,,,,,,,,,,,,,,RH,
,,,,,,,,,,,,,,,,,,,,,,,,,,,,,,Financeiro,
,,,,,,,,,,,,,,,,,,,,,,,,,,,,,,TI,
,,,,,,,,,,,,,,,,,,,,,,,,,,,,,,Operações,
,,,,,,,,,,,,,,,,,,,,,,,,,,,,,,Marketing,
,,,,,,,,,,,,,,,,,,,,,,,,,,,,,,Comercial,
,,,,,,,,,,,,,,,,,,,,,,,,,,,,,,Financeiro,
,,,,,,,,,,,,,,,,,,,,,,,,,,,,,,Operações,
,,,,,,,,,,,,,,,,,,,,,,,,,,,,,,Operações,
,,,,,,,,,,,,,,,,,,,,,,,,,,,,,,Operações,
,,,,,,,,,,,,,,,,,,,,,,,,,,,,,,Financeiro,
,,,,,,,,,,,,,,,,,,,,,,,,,,,,,,Marketing,
,,,,,,,,,,,,,,,,,,,,,,,,,,,,,,TI,
,,,,,,,,,,,,,,,,,,,,,,,,,,,,,,RH,
,,,,,,,,,,,,,,,,,,,,,,,,,,,,,,Marketing,
,,,,,,,,,,,,,,,,,,,,,,,,,,,,,,Comercial,
,,,,,,,,,,,,,,,,,,,,,,,,,,,,,,RH,
,,,,,,,,,,,,,,,,,,,,,,,,,,,,,,Comercial,
,,,,,,,,,,,,,,,,,,,,,,,,,,,,,,RH,
,,,,,,,,,,,,,,,,,,,,,,,,,,,,,,Financeiro,
,,,,,,,,,,,,,,,,,,,,,,,,,,,,,,Operações,
,,,,,,,,,,,,,,,,,,,,,,,,,,,,,,RH,
,,,,,,,,,,,,,,,,,,,,,,,,,,,,,,Financeiro,
,,,,,,,,,,,,,,,,,,,,,,,,,,,,,,Operações,
,,,,,,,,,,,,,,,,,,,,,,,,,,,,,,TI,
,,,,,,,,,,,,,,,,,,,,,,,,,,,,,,Operações,
,,,,,,,,,,,,,,,,,,,,,,,,,,,,,,Comercial,
,,,,,,,,,,,,,,,,,,,,,,,,,,,,,,TI,
,,,,,,,,,,,,,,,,,,,,,,,,,,,,,,Financeiro,
,,,,,,,,,,,,,,,,,,,,,,,,,,,,,,Operações,
,,,,,,,,,,,,,,,,,,,,,,,,,,,,,,Financeiro,
,,,,,,,,,,,,,,,,,,,,,,,,,,,,,,Marketing,
,,,,,,,,,,,,,,,,,,,,,,,,,,,,,,Financeiro,
,,,,,,,,,,,,,,,,,,,,,,,,,,,,,,Operações,
,,,,,,,,,,,,,,,,,,,,,,,,,,,,,,Marketing,
,,,,,,,,,,,,,,,,,,,,,,,,,,,,,,RH,
,,,,,,,,,,,,,,,,,,,,,,,,,,,,,,Comercial,
,,,,,,,,,,,,,,,,,,,,,,,,,,,,,,Operações,
,,,,,,,,,,,,,,,,,,,,,,,,,,,,,,Financeiro,
,,,,,,,,,,,,,,,,,,,,,,,,,,,,,,TI,
,,,,,,,,,,,,,,,,,,,,,,,,,,,,,,Marketing,
,,,,,,,,,,,,,,,,,,,,,,,,,,,,,,TI,
,,,,,,,,,,,,,,,,,,,,,,,,,,,,,,Financeiro,
,,,,,,,,,,,,,,,,,,,,,,,,,,,,,,Comercial,
,,,,,,,,,,,,,,,,,,,,,,,,,,,,,,Financeiro,
,,,,,,,,,,,,,,,,,,,,,,,,,,,,,,TI,
,,,,,,,,,,,,,,,,,,,,,,,,,,,,,,Financeiro,
,,,,,,,,,,,,,,,,,,,,,,,,,,,,,,TI,
,,,,,,,,,,,,,,,,,,,,,,,,,,,,,,Marketing,
,,,,,,,,,,,,,,,,,,,,,,,,,,,,,,Comercial,
,,,,,,,,,,,,,,,,,,,,,,,,,,,,,,RH,
,,,,,,,,,,,,,,,,,,,,,,,,,,,,,,Operações,
,,,,,,,,,,,,,,,,,,,,,,,,,,,,,,Operações,
,,,,,,,,,,,,,,,,,,,,,,,,,,,,,,Marketing,
,,,,,,,,,,,,,,,,,,,,,,,,,,,,,,Operações,
,,,,,,,,,,,,,,,,,,,,,,,,,,,,,,RH,
,,,,,,,,,,,,,,,,,,,,,,,,,,,,,,TI,
,,,,,,,,,,,,,,,,,,,,,,,,,,,,,,RH,
,,,,,,,,,,,,,,,,,,,,,,,,,,,,,,RH,
,,,,,,,,,,,,,,,,,,,,,,,,,,,,,,Marketing,
,,,,,,,,,,,,,,,,,,,,,,,,,,,,,,RH,
,,,,,,,,,,,,,,,,,,,,,,,,,,,,,,TI,
,,,,,,,,,,,,,,,,,,,,,,,,,,,,,,Marketing,
,,,,,,,,,,,,,,,,,,,,,,,,,,,,,,Marketing,
,,,,,,,,,,,,,,,,,,,,,,,,,,,,,,Comercial,
,,,,,,,,,,,,,,,,,,,,,,,,,,,,,,Operações,
,,,,,,,,,,,,,,,,,,,,,,,,,,,,,,Comercial,
,,,,,,,,,,,,,,,,,,,,,,,,,,,,,,RH,
,,,,,,,,,,,,,,,,,,,,,,,,,,,,,,Marketing,
,,,,,,,,,,,,,,,,,,,,,,,,,,,,,,Comercial,
,,,,,,,,,,,,,,,,,,,,,,,,,,,,,,Marketing,
,,,,,,,,,,,,,,,,,,,,,,,,,,,,,,Operações,
,,,,,,,,,,,,,,,,,,,,,,,,,,,,,,RH,
,,,,,,,,,,,,,,,,,,,,,,,,,,,,,,Comercial,
,,,,,,,,,,,,,,,,,,,,,,,,,,,,,,Comercial,
,,,,,,,,,,,,,,,,,,,,,,,,,,,,,,Operações,
,,,,,,,,,,,,,,,,,,,,,,,,,,,,,,Marketing,
,,,,,,,,,,,,,,,,,,,,,,,,,,,,,,Operações,
,,,,,,,,,,,,,,,,,,,,,,,,,,,,,,TI,
,,,,,,,,,,,,,,,,,,,,,,,,,,,,,,Marketing,
,,,,,,,,,,,,,,,,,,,,,,,,,,,,,,Marketing,
,,,,,,,,,,,,,,,,,,,,,,,,,,,,,,Financeiro,
,,,,,,,,,,,,,,,,,,,,,,,,,,,,,,Comercial,
,,,,,,,,,,,,,,,,,,,,,,,,,,,,,,Marketing,
,,,,,,,,,,,,,,,,,,,,,,,,,,,,,,Marketing,
,,,,,,,,,,,,,,,,,,,,,,,,,,,,,,Financeiro,
,,,,,,,,,,,,,,,,,,,,,,,,,,,,,,RH,
,,,,,,,,,,,,,,,,,,,,,,,,,,,,,,Financeiro,
,,,,,,,,,,,,,,,,,,,,,,,,,,,,,,Comercial,
,,,,,,,,,,,,,,,,,,,,,,,,,,,,,,Comercial,
,,,,,,,,,,,,,,,,,,,,,,,,,,,,,,Operações,
,,,,,,,,,,,,,,,,,,,,,,,,,,,,,,Marketing,
,,,,,,,,,,,,,,,,,,,,,,,,,,,,,,Comercial,
,,,,,,,,,,,,,,,,,,,,,,,,,,,,,,Financeiro,
,,,,,,,,,,,,,,,,,,,,,,,,,,,,,,TI,
,,,,,,,,,,,,,,,,,,,,,,,,,,,,,,TI,
,,,,,,,,,,,,,,,,,,,,,,,,,,,,,,Financeiro,
,,,,,,,,,,,,,,,,,,,,,,,,,,,,,,TI,
,,,,,,,,,,,,,,,,,,,,,,,,,,,,,,Operações,
,,,,,,,,,,,,,,,,,,,,,,,,,,,,,,Financeiro,
,,,,,,,,,,,,,,,,,,,,,,,,,,,,,,Operações,
,,,,,,,,,,,,,,,,,,,,,,,,,,,,,,Financeiro,
,,,,,,,,,,,,,,,,,,,,,,,,,,,,,,Marketing,
,,,,,,,,,,,,,,,,,,,,,,,,,,,,,,TI,
,,,,,,,,,,,,,,,,,,,,,,,,,,,,,,TI,
,,,,,,,,,,,,,,,,,,,,,,,,,,,,,,Comercial,
,,,,,,,,,,,,,,,,,,,,,,,,,,,,,,Operações,
,,,,,,,,,,,,,,,,,,,,,,,,,,,,,,Comercial,
,,,,,,,,,,,,,,,,,,,,,,,,,,,,,,TI,
,,,,,,,,,,,,,,,,,,,,,,,,,,,,,,RH,
,,,,,,,,,,,,,,,,,,,,,,,,,,,,,,Marketing,
,,,,,,,,,,,,,,,,,,,,,,,,,,,,,,Marketing,
,,,,,,,,,,,,,,,,,,,,,,,,,,,,,,Operações,
,,,,,,,,,,,,,,,,,,,,,,,,,,,,,,TI,
,,,,,,,,,,,,,,,,,,,,,,,,,,,,,,RH,
,,,,,,,,,,,,,,,,,,,,,,,,,,,,,,Financeiro,
,,,,,,,,,,,,,,,,,,,,,,,,,,,,,,Marketing,
,,,,,,,,,,,,,,,,,,,,,,,,,,,,,,Financeiro,
,,,,,,,,,,,,,,,,,,,,,,,,,,,,,,Comercial,
,,,,,,,,,,,,,,,,,,,,,,,,,,,,,,RH,
,,,,,,,,,,,,,,,,,,,,,,,,,,,,,,Financeiro,
,,,,,,,,,,,,,,,,,,,,,,,,,,,,,,Comercial,
,,,,,,,,,,,,,,,,,,,,,,,,,,,,,,Operações,
,,,,,,,,,,,,,,,,,,,,,,,,,,,,,,Financeiro,
,,,,,,,,,,,,,,,,,,,,,,,,,,,,,,Comercial,
,,,,,,,,,,,,,,,,,,,,,,,,,,,,,,Operações,
,,,,,,,,,,,,,,,,,,,,,,,,,,,,,,Operações,
,,,,,,,,,,,,,,,,,,,,,,,,,,,,,,Comercial,
,,,,,,,,,,,,,,,,,,,,,,,,,,,,,,RH,
,,,,,,,,,,,,,,,,,,,,,,,,,,,,,,Operações,
,,,,,,,,,,,,,,,,,,,,,,,,,,,,,,TI,
,,,,,,,,,,,,,,,,,,,,,,,,,,,,,,Operações,
,,,,,,,,,,,,,,,,,,,,,,,,,,,,,,Financeiro,
,,,,,,,,,,,,,,,,,,,,,,,,,,,,,,RH,
,,,,,,,,,,,,,,,,,,,,,,,,,,,,,,Marketing,
,,,,,,,,,,,,,,,,,,,,,,,,,,,,,,TI,
,,,,,,,,,,,,,,,,,,,,,,,,,,,,,,RH,
,,,,,,,,,,,,,,,,,,,,,,,,,,,,,,Financeiro,
,,,,,,,,,,,,,,,,,,,,,,,,,,,,,,Financeiro,
,,,,,,,,,,,,,,,,,,,,,,,,,,,,,,Operações,
,,,,,,,,,,,,,,,,,,,,,,,,,,,,,,Comercial,
,,,,,,,,,,,,,,,,,,,,,,,,,,,,,,RH,
,,,,,,,,,,,,,,,,,,,,,,,,,,,,,,Financeiro,
,,,,,,,,,,,,,,,,,,,,,,,,,,,,,,Comercial,
,,,,,,,,,,,,,,,,,,,,,,,,,,,,,,Financeiro,
,,,,,,,,,,,,,,,,,,,,,,,,,,,,,,Comercial,
,,,,,,,,,,,,,,,,,,,,,,,,,,,,,,TI,
,,,,,,,,,,,,,,,,,,,,,,,,,,,,,,Marketing,
,,,,,,,,,,,,,,,,,,,,,,,,,,,,,,Operações,
,,,,,,,,,,,,,,,,,,,,,,,,,,,,,,TI,
,,,,,,,,,,,,,,,,,,,,,,,,,,,,,,RH,
,,,,,,,,,,,,,,,,,,,,,,,,,,,,,,Comercial,
,,,,,,,,,,,,,,,,,,,,,,,,,,,,,,RH,
,,,,,,,,,,,,,,,,,,,,,,,,,,,,,,TI,
,,,,,,,,,,,,,,,,,,,,,,,,,,,,,,Marketing,
,,,,,,,,,,,,,,,,,,,,,,,,,,,,,,Marketing,
,,,,,,,,,,,,,,,,,,,,,,,,,,,,,,Comercial,
,,,,,,,,,,,,,,,,,,,,,,,,,,,,,,TI,
,,,,,,,,,,,,,,,,,,,,,,,,,,,,,,Financeiro,
,,,,,,,,,,,,,,,,,,,,,,,,,,,,,,Marketing,
,,,,,,,,,,,,,,,,,,,,,,,,,,,,,,Operações,
,,,,,,,,,,,,,,,,,,,,,,,,,,,,,,Comercial,
,,,,,,,,,,,,,,,,,,,,,,,,,,,,,,Operações,
,,,,,,,,,,,,,,,,,,,,,,,,,,,,,,Financeiro,
,,,,,,,,,,,,,,,,,,,,,,,,,,,,,,TI,
,,,,,,,,,,,,,,,,,,,,,,,,,,,,,,Marketing,
,,,,,,,,,,,,,,,,,,,,,,,,,,,,,,Operações,
,,,,,,,,,,,,,,,,,,,,,,,,,,,,,,Financeiro,
,,,,,,,,,,,,,,,,,,,,,,,,,,,,,,RH,
,,,,,,,,,,,,,,,,,,,,,,,,,,,,,,Financeiro,
,,,,,,,,,,,,,,,,,,,,,,,,,,,,,,Marketing,
,,,,,,,,,,,,,,,,,,,,,,,,,,,,,,RH,
,,,,,,,,,,,,,,,,,,,,,,,,,,,,,,RH,
,,,,,,,,,,,,,,,,,,,,,,,,,,,,,,Operações,
,,,,,,,,,,,,,,,,,,,,,,,,,,,,,,TI,
,,,,,,,,,,,,,,,,,,,,,,,,,,,,,,Comercial,
,,,,,,,,,,,,,,,,,,,,,,,,,,,,,,Marketing,
,,,,,,,,,,,,,,,,,,,,,,,,,,,,,,Financeiro,
,,,,,,,,,,,,,,,,,,,,,,,,,,,,,,TI,
,,,,,,,,,,,,,,,,,,,,,,,,,,,,,,Marketing,
,,,,,,,,,,,,,,,,,,,,,,,,,,,,,,Financeiro,
,,,,,,,,,,,,,,,,,,,,,,,,,,,,,,Comercial,
,,,,,,,,,,,,,,,,,,,,,,,,,,,,,,Marketing,
,,,,,,,,,,,,,,,,,,,,,,,,,,,,,,Financeiro,
,,,,,,,,,,,,,,,,,,,,,,,,,,,,,,Operações,
,,,,,,,,,,,,,,,,,,,,,,,,,,,,,,RH,
,,,,,,,,,,,,,,,,,,,,,,,,,,,,,,Marketing,
,,,,,,,,,,,,,,,,,,,,,,,,,,,,,,Comercial,
,,,,,,,,,,,,,,,,,,,,,,,,,,,,,,TI,
,,,,,,,,,,,,,,,,,,,,,,,,,,,,,,Comercial,
,,,,,,,,,,,,,,,,,,,,,,,,,,,,,,Marketing,
,,,,,,,,,,,,,,,,,,,,,,,,,,,,,,RH,
,,,,,,,,,,,,,,,,,,,,,,,,,,,,,,RH,
,,,,,,,,,,,,,,,,,,,,,,,,,,,,,,Comercial,
,,,,,,,,,,,,,,,,,,,,,,,,,,,,,,Marketing,
,,,,,,,,,,,,,,,,,,,,,,,,,,,,,,Marketing,
,,,,,,,,,,,,,,,,,,,,,,,,,,,,,,Marketing,
,,,,,,,,,,,,,,,,,,,,,,,,,,,,,,TI,
,,,,,,,,,,,,,,,,,,,,,,,,,,,,,,Operações,
,,,,,,,,,,,,,,,,,,,,,,,,,,,,,,Marketing,
,,,,,,,,,,,,,,,,,,,,,,,,,,,,,,TI,
,,,,,,,,,,,,,,,,,,,,,,,,,,,,,,Marketing,
,,,,,,,,,,,,,,,,,,,,,,,,,,,,,,Operações,
,,,,,,,,,,,,,,,,,,,,,,,,,,,,,,Operações,
,,,,,,,,,,,,,,,,,,,,,,,,,,,,,,Financeiro,
,,,,,,,,,,,,,,,,,,,,,,,,,,,,,,Operações,
,,,,,,,,,,,,,,,,,,,,,,,,,,,,,,Financeiro,
,,,,,,,,,,,,,,,,,,,,,,,,,,,,,,TI,
,,,,,,,,,,,,,,,,,,,,,,,,,,,,,,Marketing,
,,,,,,,,,,,,,,,,,,,,,,,,,,,,,,Financeiro,
,,,,,,,,,,,,,,,,,,,,,,,,,,,,,,RH,
,,,,,,,,,,,,,,,,,,,,,,,,,,,,,,TI,
,,,,,,,,,,,,,,,,,,,,,,,,,,,,,,Marketing,
,,,,,,,,,,,,,,,,,,,,,,,,,,,,,,RH,
,,,,,,,,,,,,,,,,,,,,,,,,,,,,,,Operações,
,,,,,,,,,,,,,,,,,,,,,,,,,,,,,,TI,
,,,,,,,,,,,,,,,,,,,,,,,,,,,,,,Financeiro,
,,,,,,,,,,,,,,,,,,,,,,,,,,,,,,Operações,
,,,,,,,,,,,,,,,,,,,,,,,,,,,,,,RH,
,,,,,,,,,,,,,,,,,,,,,,,,,,,,,,Financeiro,
,,,,,,,,,,,,,,,,,,,,,,,,,,,,,,Operações,
,,,,,,,,,,,,,,,,,,,,,,,,,,,,,,Marketing,
,,,,,,,,,,,,,,,,,,,,,,,,,,,,,,Operações,
,,,,,,,,,,,,,,,,,,,,,,,,,,,,,,Operações,
,,,,,,,,,,,,,,,,,,,,,,,,,,,,,,TI,
,,,,,,,,,,,,,,,,,,,,,,,,,,,,,,Marketing,
,,,,,,,,,,,,,,,,,,,,,,,,,,,,,,Marketing,
,,,,,,,,,,,,,,,,,,,,,,,,,,,,,,RH,
,,,,,,,,,,,,,,,,,,,,,,,,,,,,,,Comercial,
,,,,,,,,,,,,,,,,,,,,,,,,,,,,,,TI,
,,,,,,,,,,,,,,,,,,,,,,,,,,,,,,Comercial,
,,,,,,,,,,,,,,,,,,,,,,,,,,,,,,TI,
,,,,,,,,,,,,,,,,,,,,,,,,,,,,,,Operações,
,,,,,,,,,,,,,,,,,,,,,,,,,,,,,,Financeiro,
,,,,,,,,,,,,,,,,,,,,,,,,,,,,,,Financeiro,
,,,,,,,,,,,,,,,,,,,,,,,,,,,,,,RH,
,,,,,,,,,,,,,,,,,,,,,,,,,,,,,,Comercial,
,,,,,,,,,,,,,,,,,,,,,,,,,,,,,,Financeiro,
,,,,,,,,,,,,,,,,,,,,,,,,,,,,,,TI,
,,,,,,,,,,,,,,,,,,,,,,,,,,,,,,TI,
,,,,,,,,,,,,,,,,,,,,,,,,,,,,,,Financeiro,
,,,,,,,,,,,,,,,,,,,,,,,,,,,,,,Operações,
,,,,,,,,,,,,,,,,,,,,,,,,,,,,,,Operações,
,,,,,,,,,,,,,,,,,,,,,,,,,,,,,,Operações,
,,,,,,,,,,,,,,,,,,,,,,,,,,,,,,TI,
,,,,,,,,,,,,,,,,,,,,,,,,,,,,,,Operações,
,,,,,,,,,,,,,,,,,,,,,,,,,,,,,,Marketing,
,,,,,,,,,,,,,,,,,,,,,,,,,,,,,,RH,
,,,,,,,,,,,,,,,,,,,,,,,,,,,,,,TI,
,,,,,,,,,,,,,,,,,,,,,,,,,,,,,,Marketing,
,,,,,,,,,,,,,,,,,,,,,,,,,,,,,,Marketing,
,,,,,,,,,,,,,,,,,,,,,,,,,,,,,,RH,
,,,,,,,,,,,,,,,,,,,,,,,,,,,,,,Comercial,
,,,,,,,,,,,,,,,,,,,,,,,,,,,,,,TI,
,,,,,,,,,,,,,,,,,,,,,,,,,,,,,,RH,
,,,,,,,,,,,,,,,,,,,,,,,,,,,,,,Comercial,
,,,,,,,,,,,,,,,,,,,,,,,,,,,,,,Marketing,
,,,,,,,,,,,,,,,,,,,,,,,,,,,,,,Financeiro,
,,,,,,,,,,,,,,,,,,,,,,,,,,,,,,Marketing,
,,,,,,,,,,,,,,,,,,,,,,,,,,,,,,Financeiro,
,,,,,,,,,,,,,,,,,,,,,,,,,,,,,,Comercial,
,,,,,,,,,,,,,,,,,,,,,,,,,,,,,,TI,
,,,,,,,,,,,,,,,,,,,,,,,,,,,,,,Comercial,
,,,,,,,,,,,,,,,,,,,,,,,,,,,,,,RH,
,,,,,,,,,,,,,,,,,,,,,,,,,,,,,,Financeiro,
,,,,,,,,,,,,,,,,,,,,,,,,,,,,,,Financeiro,
,,,,,,,,,,,,,,,,,,,,,,,,,,,,,,Operações,
,,,,,,,,,,,,,,,,,,,,,,,,,,,,,,TI,
,,,,,,,,,,,,,,,,,,,,,,,,,,,,,,Financeiro,
,,,,,,,,,,,,,,,,,,,,,,,,,,,,,,Marketing,
,,,,,,,,,,,,,,,,,,,,,,,,,,,,,,TI,
,,,,,,,,,,,,,,,,,,,,,,,,,,,,,,Comercial,
,,,,,,,,,,,,,,,,,,,,,,,,,,,,,,Financeiro,
,,,,,,,,,,,,,,,,,,,,,,,,,,,,,,TI,
,,,,,,,,,,,,,,,,,,,,,,,,,,,,,,TI,
,,,,,,,,,,,,,,,,,,,,,,,,,,,,,,Financeiro,
,,,,,,,,,,,,,,,,,,,,,,,,,,,,,,RH,
,,,,,,,,,,,,,,,,,,,,,,,,,,,,,,Operações,
,,,,,,,,,,,,,,,,,,,,,,,,,,,,,,Comercial,
,,,,,,,,,,,,,,,,,,,,,,,,,,,,,,RH,
,,,,,,,,,,,,,,,,,,,,,,,,,,,,,,Operações,
,,,,,,,,,,,,,,,,,,,,,,,,,,,,,,Comercial,
,,,,,,,,,,,,,,,,,,,,,,,,,,,,,,Financeiro,
,,,,,,,,,,,,,,,,,,,,,,,,,,,,,,Marketing,
,,,,,,,,,,,,,,,,,,,,,,,,,,,,,,TI,
,,,,,,,,,,,,,,,,,,,,,,,,,,,,,,Marketing,
,,,,,,,,,,,,,,,,,,,,,,,,,,,,,,Marketing,
,,,,,,,,,,,,,,,,,,,,,,,,,,,,,,Operações,
,,,,,,,,,,,,,,,,,,,,,,,,,,,,,,Financeiro,
,,,,,,,,,,,,,,,,,,,,,,,,,,,,,,Marketing,
,,,,,,,,,,,,,,,,,,,,,,,,,,,,,,RH,
,,,,,,,,,,,,,,,,,,,,,,,,,,,,,,Comercial,
,,,,,,,,,,,,,,,,,,,,,,,,,,,,,,Comercial,
,,,,,,,,,,,,,,,,,,,,,,,,,,,,,,Comercial,
,,,,,,,,,,,,,,,,,,,,,,,,,,,,,,TI,
,,,,,,,,,,,,,,,,,,,,,,,,,,,,,,RH,
,,,,,,,,,,,,,,,,,,,,,,,,,,,,,,Marketing,
,,,,,,,,,,,,,,,,,,,,,,,,,,,,,,Operações,
,,,,,,,,,,,,,,,,,,,,,,,,,,,,,,RH,
,,,,,,,,,,,,,,,,,,,,,,,,,,,,,,Marketing,
,,,,,,,,,,,,,,,,,,,,,,,,,,,,,,Financeiro,
,,,,,,,,,,,,,,,,,,,,,,,,,,,,,,Marketing,
,,,,,,,,,,,,,,,,,,,,,,,,,,,,,,Financeiro,
,,,,,,,,,,,,,,,,,,,,,,,,,,,,,,TI,
,,,,,,,,,,,,,,,,,,,,,,,,,,,,,,RH,
,,,,,,,,,,,,,,,,,,,,,,,,,,,,,,TI,
,,,,,,,,,,,,,,,,,,,,,,,,,,,,,,Comercial,
,,,,,,,,,,,,,,,,,,,,,,,,,,,,,,Marketing,
,,,,,,,,,,,,,,,,,,,,,,,,,,,,,,Comercial,
,,,,,,,,,,,,,,,,,,,,,,,,,,,,,,Comercial,
,,,,,,,,,,,,,,,,,,,,,,,,,,,,,,TI,
,,,,,,,,,,,,,,,,,,,,,,,,,,,,,,RH,
,,,,,,,,,,,,,,,,,,,,,,,,,,,,,,RH,
,,,,,,,,,,,,,,,,,,,,,,,,,,,,,,RH,
,,,,,,,,,,,,,,,,,,,,,,,,,,,,,,Marketing,
,,,,,,,,,,,,,,,,,,,,,,,,,,,,,,Operações,
,,,,,,,,,,,,,,,,,,,,,,,,,,,,,,RH,
,,,,,,,,,,,,,,,,,,,,,,,,,,,,,,Marketing,
,,,,,,,,,,,,,,,,,,,,,,,,,,,,,,Marketing,
,,,,,,,,,,,,,,,,,,,,,,,,,,,,,,Operações,
,,,,,,,,,,,,,,,,,,,,,,,,,,,,,,Operações,
,,,,,,,,,,,,,,,,,,,,,,,,,,,,,,TI,
,,,,,,,,,,,,,,,,,,,,,,,,,,,,,,Operações,
,,,,,,,,,,,,,,,,,,,,,,,,,,,,,,TI,
,,,,,,,,,,,,,,,,,,,,,,,,,,,,,,Comercial,
,,,,,,,,,,,,,,,,,,,,,,,,,,,,,,Comercial,
,,,,,,,,,,,,,,,,,,,,,,,,,,,,,,Operações,
,,,,,,,,,,,,,,,,,,,,,,,,,,,,,,Comercial,
,,,,,,,,,,,,,,,,,,,,,,,,,,,,,,Comercial,
,,,,,,,,,,,,,,,,,,,,,,,,,,,,,,Comercial,
,,,,,,,,,,,,,,,,,,,,,,,,,,,,,,Marketing,
,,,,,,,,,,,,,,,,,,,,,,,,,,,,,,Financeiro,
,,,,,,,,,,,,,,,,,,,,,,,,,,,,,,Marketing,
,,,,,,,,,,,,,,,,,,,,,,,,,,,,,,Operações,
,,,,,,,,,,,,,,,,,,,,,,,,,,,,,,RH,
,,,,,,,,,,,,,,,,,,,,,,,,,,,,,,Operações,
,,,,,,,,,,,,,,,,,,,,,,,,,,,,,,Marketing,
,,,,,,,,,,,,,,,,,,,,,,,,,,,,,,RH,
,,,,,,,,,,,,,,,,,,,,,,,,,,,,,,RH,
,,,,,,,,,,,,,,,,,,,,,,,,,,,,,,Operações,
,,,,,,,,,,,,,,,,,,,,,,,,,,,,,,Financeiro,
,,,,,,,,,,,,,,,,,,,,,,,,,,,,,,RH,
,,,,,,,,,,,,,,,,,,,,,,,,,,,,,,Operações,
,,,,,,,,,,,,,,,,,,,,,,,,,,,,,,Financeiro,
,,,,,,,,,,,,,,,,,,,,,,,,,,,,,,TI,
,,,,,,,,,,,,,,,,,,,,,,,,,,,,,,Operações,
,,,,,,,,,,,,,,,,,,,,,,,,,,,,,,TI,
,,,,,,,,,,,,,,,,,,,,,,,,,,,,,,RH,
,,,,,,,,,,,,,,,,,,,,,,,,,,,,,,Marketing,
,,,,,,,,,,,,,,,,,,,,,,,,,,,,,,Operações,
,,,,,,,,,,,,,,,,,,,,,,,,,,,,,,RH,
,,,,,,,,,,,,,,,,,,,,,,,,,,,,,,RH,
,,,,,,,,,,,,,,,,,,,,,,,,,,,,,,Operações,
,,,,,,,,,,,,,,,,,,,,,,,,,,,,,,TI,
,,,,,,,,,,,,,,,,,,,,,,,,,,,,,,Operações,
,,,,,,,,,,,,,,,,,,,,,,,,,,,,,,Financeiro,
,,,,,,,,,,,,,,,,,,,,,,,,,,,,,,Financeiro,
,,,,,,,,,,,,,,,,,,,,,,,,,,,,,,Operações,
,,,,,,,,,,,,,,,,,,,,,,,,,,,,,,Comercial,
,,,,,,,,,,,,,,,,,,,,,,,,,,,,,,RH,
,,,,,,,,,,,,,,,,,,,,,,,,,,,,,,TI,
,,,,,,,,,,,,,,,,,,,,,,,,,,,,,,Comercial,
,,,,,,,,,,,,,,,,,,,,,,,,,,,,,,TI,
,,,,,,,,,,,,,,,,,,,,,,,,,,,,,,Comercial,
,,,,,,,,,,,,,,,,,,,,,,,,,,,,,,Operações,
,,,,,,,,,,,,,,,,,,,,,,,,,,,,,,Marketing,
,,,,,,,,,,,,,,,,,,,,,,,,,,,,,,Financeiro,
,,,,,,,,,,,,,,,,,,,,,,,,,,,,,,Marketing,
,,,,,,,,,,,,,,,,,,,,,,,,,,,,,,Operações,
,,,,,,,,,,,,,,,,,,,,,,,,,,,,,,TI,
,,,,,,,,,,,,,,,,,,,,,,,,,,,,,,RH,
,,,,,,,,,,,,,,,,,,,,,,,,,,,,,,RH,
,,,,,,,,,,,,,,,,,,,,,,,,,,,,,,Comercial,
,,,,,,,,,,,,,,,,,,,,,,,,,,,,,,RH,
,,,,,,,,,,,,,,,,,,,,,,,,,,,,,,Marketing,
,,,,,,,,,,,,,,,,,,,,,,,,,,,,,,Comercial,
,,,,,,,,,,,,,,,,,,,,,,,,,,,,,,TI,
,,,,,,,,,,,,,,,,,,,,,,,,,,,,,,Operações,
,,,,,,,,,,,,,,,,,,,,,,,,,,,,,,TI,
,,,,,,,,,,,,,,,,,,,,,,,,,,,,,,Financeiro,
,,,,,,,,,,,,,,,,,,,,,,,,,,,,,,RH,
,,,,,,,,,,,,,,,,,,,,,,,,,,,,,,Marketing,
,,,,,,,,,,,,,,,,,,,,,,,,,,,,,,TI,
,,,,,,,,,,,,,,,,,,,,,,,,,,,,,,Comercial,
,,,,,,,,,,,,,,,,,,,,,,,,,,,,,,Operações,
,,,,,,,,,,,,,,,,,,,,,,,,,,,,,,RH,
,,,,,,,,,,,,,,,,,,,,,,,,,,,,,,Financeiro,
,,,,,,,,,,,,,,,,,,,,,,,,,,,,,,Marketing,
,,,,,,,,,,,,,,,,,,,,,,,,,,,,,,Marketing,
,,,,,,,,,,,,,,,,,,,,,,,,,,,,,,Marketing,
,,,,,,,,,,,,,,,,,,,,,,,,,,,,,,Comercial,
,,,,,,,,,,,,,,,,,,,,,,,,,,,,,,Comercial,
,,,,,,,,,,,,,,,,,,,,,,,,,,,,,,RH,
,,,,,,,,,,,,,,,,,,,,,,,,,,,,,,Comercial,
,,,,,,,,,,,,,,,,,,,,,,,,,,,,,,Comercial,
,,,,,,,,,,,,,,,,,,,,,,,,,,,,,,Comercial,
,,,,,,,,,,,,,,,,,,,,,,,,,,,,,,RH,
,,,,,,,,,,,,,,,,,,,,,,,,,,,,,,Marketing,
,,,,,,,,,,,,,,,,,,,,,,,,,,,,,,RH,
,,,,,,,,,,,,,,,,,,,,,,,,,,,,,,Comercial,
,,,,,,,,,,,,,,,,,,,,,,,,,,,,,,Comercial,
,,,,,,,,,,,,,,,,,,,,,,,,,,,,,,Marketing,
,,,,,,,,,,,,,,,,,,,,,,,,,,,,,,TI,
,,,,,,,,,,,,,,,,,,,,,,,,,,,,,,Financeiro,
,,,,,,,,,,,,,,,,,,,,,,,,,,,,,,Marketing,
,,,,,,,,,,,,,,,,,,,,,,,,,,,,,,Marketing,
,,,,,,,,,,,,,,,,,,,,,,,,,,,,,,Comercial,
,,,,,,,,,,,,,,,,,,,,,,,,,,,,,,TI,
,,,,,,,,,,,,,,,,,,,,,,,,,,,,,,TI,
,,,,,,,,,,,,,,,,,,,,,,,,,,,,,,Marketing,
,,,,,,,,,,,,,,,,,,,,,,,,,,,,,,RH,
,,,,,,,,,,,,,,,,,,,,,,,,,,,,,,Financeiro,
,,,,,,,,,,,,,,,,,,,,,,,,,,,,,,Financeiro,
,,,,,,,,,,,,,,,,,,,,,,,,,,,,,,Marketing,
,,,,,,,,,,,,,,,,,,,,,,,,,,,,,,TI,
,,,,,,,,,,,,,,,,,,,,,,,,,,,,,,RH,
,,,,,,,,,,,,,,,,,,,,,,,,,,,,,,RH,
,,,,,,,,,,,,,,,,,,,,,,,,,,,,,,TI,
,,,,,,,,,,,,,,,,,,,,,,,,,,,,,,Operações,
,,,,,,,,,,,,,,,,,,,,,,,,,,,,,,RH,
,,,,,,,,,,,,,,,,,,,,,,,,,,,,,,Financeiro,
,,,,,,,,,,,,,,,,,,,,,,,,,,,,,,TI,
,,,,,,,,,,,,,,,,,,,,,,,,,,,,,,Financeiro,
,,,,,,,,,,,,,,,,,,,,,,,,,,,,,,Comercial,
,,,,,,,,,,,,,,,,,,,,,,,,,,,,,,RH,
,,,,,,,,,,,,,,,,,,,,,,,,,,,,,,Comercial,
,,,,,,,,,,,,,,,,,,,,,,,,,,,,,,Operações,
,,,,,,,,,,,,,,,,,,,,,,,,,,,,,,Operações,
,,,,,,,,,,,,,,,,,,,,,,,,,,,,,,TI,
,,,,,,,,,,,,,,,,,,,,,,,,,,,,,,Comercial,
,,,,,,,,,,,,,,,,,,,,,,,,,,,,,,Financeiro,
,,,,,,,,,,,,,,,,,,,,,,,,,,,,,,Financeiro,
,,,,,,,,,,,,,,,,,,,,,,,,,,,,,,TI,
,,,,,,,,,,,,,,,,,,,,,,,,,,,,,,Marketing,
,,,,,,,,,,,,,,,,,,,,,,,,,,,,,,Operações,
,,,,,,,,,,,,,,,,,,,,,,,,,,,,,,Marketing,
,,,,,,,,,,,,,,,,,,,,,,,,,,,,,,Operações,
,,,,,,,,,,,,,,,,,,,,,,,,,,,,,,Comercial,
,,,,,,,,,,,,,,,,,,,,,,,,,,,,,,TI,
,,,,,,,,,,,,,,,,,,,,,,,,,,,,,,RH,
,,,,,,,,,,,,,,,,,,,,,,,,,,,,,,TI,
,,,,,,,,,,,,,,,,,,,,,,,,,,,,,,Financeiro,
,,,,,,,,,,,,,,,,,,,,,,,,,,,,,,RH,
,,,,,,,,,,,,,,,,,,,,,,,,,,,,,,Financeiro,
,,,,,,,,,,,,,,,,,,,,,,,,,,,,,,TI,
,,,,,,,,,,,,,,,,,,,,,,,,,,,,,,RH,
,,,,,,,,,,,,,,,,,,,,,,,,,,,,,,Operações,
,,,,,,,,,,,,,,,,,,,,,,,,,,,,,,Operações,
,,,,,,,,,,,,,,,,,,,,,,,,,,,,,,Operações,
,,,,,,,,,,,,,,,,,,,,,,,,,,,,,,Marketing,
,,,,,,,,,,,,,,,,,,,,,,,,,,,,,,RH,
,,,,,,,,,,,,,,,,,,,,,,,,,,,,,,TI,
,,,,,,,,,,,,,,,,,,,,,,,,,,,,,,RH,
,,,,,,,,,,,,,,,,,,,,,,,,,,,,,,TI,
,,,,,,,,,,,,,,,,,,,,,,,,,,,,,,TI,
,,,,,,,,,,,,,,,,,,,,,,,,,,,,,,Financeiro,
,,,,,,,,,,,,,,,,,,,,,,,,,,,,,,Financeiro,
,,,,,,,,,,,,,,,,,,,,,,,,,,,,,,Marketing,
,,,,,,,,,,,,,,,,,,,,,,,,,,,,,,TI,
,,,,,,,,,,,,,,,,,,,,,,,,,,,,,,TI,
,,,,,,,,,,,,,,,,,,,,,,,,,,,,,,Financeiro,
,,,,,,,,,,,,,,,,,,,,,,,,,,,,,,Comercial,
,,,,,,,,,,,,,,,,,,,,,,,,,,,,,,Marketing,
,,,,,,,,,,,,,,,,,,,,,,,,,,,,,,RH,
,,,,,,,,,,,,,,,,,,,,,,,,,,,,,,Comercial,
,,,,,,,,,,,,,,,,,,,,,,,,,,,,,,Operações,
,,,,,,,,,,,,,,,,,,,,,,,,,,,,,,Operações,
,,,,,,,,,,,,,,,,,,,,,,,,,,,,,,Comercial,
,,,,,,,,,,,,,,,,,,,,,,,,,,,,,,RH,
,,,,,,,,,,,,,,,,,,,,,,,,,,,,,,Operações,
,,,,,,,,,,,,,,,,,,,,,,,,,,,,,,Financeiro,
,,,,,,,,,,,,,,,,,,,,,,,,,,,,,,Marketing,
,,,,,,,,,,,,,,,,,,,,,,,,,,,,,,Operações,
,,,,,,,,,,,,,,,,,,,,,,,,,,,,,,TI,
,,,,,,,,,,,,,,,,,,,,,,,,,,,,,,RH,
,,,,,,,,,,,,,,,,,,,,,,,,,,,,,,Operações,
,,,,,,,,,,,,,,,,,,,,,,,,,,,,,,TI,
,,,,,,,,,,,,,,,,,,,,,,,,,,,,,,Comercial,
,,,,,,,,,,,,,,,,,,,,,,,,,,,,,,TI,
,,,,,,,,,,,,,,,,,,,,,,,,,,,,,,RH,
,,,,,,,,,,,,,,,,,,,,,,,,,,,,,,Comercial,
,,,,,,,,,,,,,,,,,,,,,,,,,,,,,,Operações,
,,,,,,,,,,,,,,,,,,,,,,,,,,,,,,Marketing,
,,,,,,,,,,,,,,,,,,,,,,,,,,,,,,Financeiro,
,,,,,,,,,,,,,,,,,,,,,,,,,,,,,,Operações,
,,,,,,,,,,,,,,,,,,,,,,,,,,,,,,Marketing,
,,,,,,,,,,,,,,,,,,,,,,,,,,,,,,RH,
,,,,,,,,,,,,,,,,,,,,,,,,,,,,,,Operações,
,,,,,,,,,,,,,,,,,,,,,,,,,,,,,,Operações,
,,,,,,,,,,,,,,,,,,,,,,,,,,,,,,Financeiro,
,,,,,,,,,,,,,,,,,,,,,,,,,,,,,,Operações,
,,,,,,,,,,,,,,,,,,,,,,,,,,,,,,Comercial,
,,,,,,,,,,,,,,,,,,,,,,,,,,,,,,Marketing,
,,,,,,,,,,,,,,,,,,,,,,,,,,,,,,Operações,
,,,,,,,,,,,,,,,,,,,,,,,,,,,,,,TI,
,,,,,,,,,,,,,,,,,,,,,,,,,,,,,,Operações,
,,,,,,,,,,,,,,,,,,,,,,,,,,,,,,RH,
,,,,,,,,,,,,,,,,,,,,,,,,,,,,,,Financeiro,
,,,,,,,,,,,,,,,,,,,,,,,,,,,,,,Marketing,
,,,,,,,,,,,,,,,,,,,,,,,,,,,,,,RH,
,,,,,,,,,,,,,,,,,,,,,,,,,,,,,,TI,
,,,,,,,,,,,,,,,,,,,,,,,,,,,,,,Financeiro,
,,,,,,,,,,,,,,,,,,,,,,,,,,,,,,Marketing,
,,,,,,,,,,,,,,,,,,,,,,,,,,,,,,RH,
,,,,,,,,,,,,,,,,,,,,,,,,,,,,,,Financeiro,
,,,,,,,,,,,,,,,,,,,,,,,,,,,,,,TI,
,,,,,,,,,,,,,,,,,,,,,,,,,,,,,,Financeiro,
,,,,,,,,,,,,,,,,,,,,,,,,,,,,,,Comercial,
,,,,,,,,,,,,,,,,,,,,,,,,,,,,,,Operações,
,,,,,,,,,,,,,,,,,,,,,,,,,,,,,,TI,
,,,,,,,,,,,,,,,,,,,,,,,,,,,,,,RH,
,,,,,,,,,,,,,,,,,,,,,,,,,,,,,,RH,
,,,,,,,,,,,,,,,,,,,,,,,,,,,,,,Financeiro,
,,,,,,,,,,,,,,,,,,,,,,,,,,,,,,TI,
,,,,,,,,,,,,,,,,,,,,,,,,,,,,,,Financeiro,
,,,,,,,,,,,,,,,,,,,,,,,,,,,,,,TI,
,,,,,,,,,,,,,,,,,,,,,,,,,,,,,,Comercial,
,,,,,,,,,,,,,,,,,,,,,,,,,,,,,,Marketing,
,,,,,,,,,,,,,,,,,,,,,,,,,,,,,,Comercial,
,,,,,,,,,,,,,,,,,,,,,,,,,,,,,,Financeiro,
,,,,,,,,,,,,,,,,,,,,,,,,,,,,,,RH,
,,,,,,,,,,,,,,,,,,,,,,,,,,,,,,Operações,
,,,,,,,,,,,,,,,,,,,,,,,,,,,,,,RH,
,,,,,,,,,,,,,,,,,,,,,,,,,,,,,,RH,
,,,,,,,,,,,,,,,,,,,,,,,,,,,,,,RH,
,,,,,,,,,,,,,,,,,,,,,,,,,,,,,,Comercial,
,,,,,,,,,,,,,,,,,,,,,,,,,,,,,,Operações,
,,,,,,,,,,,,,,,,,,,,,,,,,,,,,,RH,
,,,,,,,,,,,,,,,,,,,,,,,,,,,,,,Marketing,
,,,,,,,,,,,,,,,,,,,,,,,,,,,,,,Operações,
,,,,,,,,,,,,,,,,,,,,,,,,,,,,,,Operações,
,,,,,,,,,,,,,,,,,,,,,,,,,,,,,,Marketing,
,,,,,,,,,,,,,,,,,,,,,,,,,,,,,,Financeiro,
,,,,,,,,,,,,,,,,,,,,,,,,,,,,,,Comercial,
,,,,,,,,,,,,,,,,,,,,,,,,,,,,,,Financeiro,
,,,,,,,,,,,,,,,,,,,,,,,,,,,,,,Comercial,
,,,,,,,,,,,,,,,,,,,,,,,,,,,,,,Marketing,
,,,,,,,,,,,,,,,,,,,,,,,,,,,,,,Operações,
,,,,,,,,,,,,,,,,,,,,,,,,,,,,,,Operações,
,,,,,,,,,,,,,,,,,,,,,,,,,,,,,,TI,
,,,,,,,,,,,,,,,,,,,,,,,,,,,,,,RH,
,,,,,,,,,,,,,,,,,,,,,,,,,,,,,,Marketing,
,,,,,,,,,,,,,,,,,,,,,,,,,,,,,,Marketing,
,,,,,,,,,,,,,,,,,,,,,,,,,,,,,,RH,
,,,,,,,,,,,,,,,,,,,,,,,,,,,,,,TI,
,,,,,,,,,,,,,,,,,,,,,,,,,,,,,,Marketing,
,,,,,,,,,,,,,,,,,,,,,,,,,,,,,,Operações,
,,,,,,,,,,,,,,,,,,,,,,,,,,,,,,Operações,
,,,,,,,,,,,,,,,,,,,,,,,,,,,,,,Operações,
,,,,,,,,,,,,,,,,,,,,,,,,,,,,,,TI,
,,,,,,,,,,,,,,,,,,,,,,,,,,,,,,Financeiro,
,,,,,,,,,,,,,,,,,,,,,,,,,,,,,,TI,
,,,,,,,,,,,,,,,,,,,,,,,,,,,,,,Financeiro,
,,,,,,,,,,,,,,,,,,,,,,,,,,,,,,Financeiro,
,,,,,,,,,,,,,,,,,,,,,,,,,,,,,,Comercial,
,,,,,,,,,,,,,,,,,,,,,,,,,,,,,,Financeiro,
,,,,,,,,,,,,,,,,,,,,,,,,,,,,,,TI,
,,,,,,,,,,,,,,,,,,,,,,,,,,,,,,TI,
,,,,,,,,,,,,,,,,,,,,,,,,,,,,,,TI,
,,,,,,,,,,,,,,,,,,,,,,,,,,,,,,Financeiro,
,,,,,,,,,,,,,,,,,,,,,,,,,,,,,,Financeiro,
,,,,,,,,,,,,,,,,,,,,,,,,,,,,,,RH,
,,,,,,,,,,,,,,,,,,,,,,,,,,,,,,RH,
,,,,,,,,,,,,,,,,,,,,,,,,,,,,,,TI,
,,,,,,,,,,,,,,,,,,,,,,,,,,,,,,Comercial,
,,,,,,,,,,,,,,,,,,,,,,,,,,,,,,TI,
,,,,,,,,,,,,,,,,,,,,,,,,,,,,,,Operações,
,,,,,,,,,,,,,,,,,,,,,,,,,,,,,,TI,
,,,,,,,,,,,,,,,,,,,,,,,,,,,,,,Marketing,
,,,,,,,,,,,,,,,,,,,,,,,,,,,,,,Financeiro,
,,,,,,,,,,,,,,,,,,,,,,,,,,,,,,TI,
,,,,,,,,,,,,,,,,,,,,,,,,,,,,,,Operações,
,,,,,,,,,,,,,,,,,,,,,,,,,,,,,,TI,
,,,,,,,,,,,,,,,,,,,,,,,,,,,,,,RH,
,,,,,,,,,,,,,,,,,,,,,,,,,,,,,,Comercial,
,,,,,,,,,,,,,,,,,,,,,,,,,,,,,,Marketing,
,,,,,,,,,,,,,,,,,,,,,,,,,,,,,,Marketing,
,,,,,,,,,,,,,,,,,,,,,,,,,,,,,,TI,
,,,,,,,,,,,,,,,,,,,,,,,,,,,,,,RH,
,,,,,,,,,,,,,,,,,,,,,,,,,,,,,,Financeiro,
,,,,,,,,,,,,,,,,,,,,,,,,,,,,,,Operações,
,,,,,,,,,,,,,,,,,,,,,,,,,,,,,,Operações,
,,,,,,,,,,,,,,,,,,,,,,,,,,,,,,Comercial,
,,,,,,,,,,,,,,,,,,,,,,,,,,,,,,Operações,
,,,,,,,,,,,,,,,,,,,,,,,,,,,,,,Operações,
,,,,,,,,,,,,,,,,,,,,,,,,,,,,,,Financeiro,
,,,,,,,,,,,,,,,,,,,,,,,,,,,,,,RH,
,,,,,,,,,,,,,,,,,,,,,,,,,,,,,,RH,
,,,,,,,,,,,,,,,,,,,,,,,,,,,,,,RH,
,,,,,,,,,,,,,,,,,,,,,,,,,,,,,,TI,
,,,,,,,,,,,,,,,,,,,,,,,,,,,,,,Comercial,
,,,,,,,,,,,,,,,,,,,,,,,,,,,,,,Operações,
,,,,,,,,,,,,,,,,,,,,,,,,,,,,,,Comercial,
,,,,,,,,,,,,,,,,,,,,,,,,,,,,,,Comercial,
,,,,,,,,,,,,,,,,,,,,,,,,,,,,,,Financeiro,
,,,,,,,,,,,,,,,,,,,,,,,,,,,,,,RH,
,,,,,,,,,,,,,,,,,,,,,,,,,,,,,,Marketing,
,,,,,,,,,,,,,,,,,,,,,,,,,,,,,,Comercial,
,,,,,,,,,,,,,,,,,,,,,,,,,,,,,,RH,
,,,,,,,,,,,,,,,,,,,,,,,,,,,,,,TI,
,,,,,,,,,,,,,,,,,,,,,,,,,,,,,,Marketing,
,,,,,,,,,,,,,,,,,,,,,,,,,,,,,,Operações,
,,,,,,,,,,,,,,,,,,,,,,,,,,,,,,RH,
,,,,,,,,,,,,,,,,,,,,,,,,,,,,,,Comercial,
,,,,,,,,,,,,,,,,,,,,,,,,,,,,,,Comercial,
,,,,,,,,,,,,,,,,,,,,,,,,,,,,,,Comercial,
,,,,,,,,,,,,,,,,,,,,,,,,,,,,,,RH,
,,,,,,,,,,,,,,,,,,,,,,,,,,,,,,Comercial,
,,,,,,,,,,,,,,,,,,,,,,,,,,,,,,Financeiro,
,,,,,,,,,,,,,,,,,,,,,,,,,,,,,,Marketing,
,,,,,,,,,,,,,,,,,,,,,,,,,,,,,,Financeiro,
,,,,,,,,,,,,,,,,,,,,,,,,,,,,,,Operações,
,,,,,,,,,,,,,,,,,,,,,,,,,,,,,,Financeiro,
,,,,,,,,,,,,,,,,,,,,,,,,,,,,,,Comercial,
,,,,,,,,,,,,,,,,,,,,,,,,,,,,,,Financeiro,
,,,,,,,,,,,,,,,,,,,,,,,,,,,,,,Financeiro,
,,,,,,,,,,,,,,,,,,,,,,,,,,,,,,TI,
,,,,,,,,,,,,,,,,,,,,,,,,,,,,,,TI,
,,,,,,,,,,,,,,,,,,,,,,,,,,,,,,TI,
,,,,,,,,,,,,,,,,,,,,,,,,,,,,,,Marketing,
,,,,,,,,,,,,,,,,,,,,,,,,,,,,,,TI,
,,,,,,,,,,,,,,,,,,,,,,,,,,,,,,Operações,
,,,,,,,,,,,,,,,,,,,,,,,,,,,,,,Operações,
,,,,,,,,,,,,,,,,,,,,,,,,,,,,,,TI,
,,,,,,,,,,,,,,,,,,,,,,,,,,,,,,Financeiro,
,,,,,,,,,,,,,,,,,,,,,,,,,,,,,,Operações,
,,,,,,,,,,,,,,,,,,,,,,,,,,,,,,Comercial,
,,,,,,,,,,,,,,,,,,,,,,,,,,,,,,Comercial,
,,,,,,,,,,,,,,,,,,,,,,,,,,,,,,TI,
,,,,,,,,,,,,,,,,,,,,,,,,,,,,,,TI,
,,,,,,,,,,,,,,,,,,,,,,,,,,,,,,Financeiro,
,,,,,,,,,,,,,,,,,,,,,,,,,,,,,,Financeiro,
,,,,,,,,,,,,,,,,,,,,,,,,,,,,,,Financeiro,
,,,,,,,,,,,,,,,,,,,,,,,,,,,,,,TI,
,,,,,,,,,,,,,,,,,,,,,,,,,,,,,,Financeiro,
,,,,,,,,,,,,,,,,,,,,,,,,,,,,,,Financeiro,
,,,,,,,,,,,,,,,,,,,,,,,,,,,,,,RH,
,,,,,,,,,,,,,,,,,,,,,,,,,,,,,,Marketing,
,,,,,,,,,,,,,,,,,,,,,,,,,,,,,,TI,
,,,,,,,,,,,,,,,,,,,,,,,,,,,,,,Operações,
,,,,,,,,,,,,,,,,,,,,,,,,,,,,,,TI,
,,,,,,,,,,,,,,,,,,,,,,,,,,,,,,TI,
,,,,,,,,,,,,,,,,,,,,,,,,,,,,,,Operações,
,,,,,,,,,,,,,,,,,,,,,,,,,,,,,,RH,
,,,,,,,,,,,,,,,,,,,,,,,,,,,,,,Comercial,
,,,,,,,,,,,,,,,,,,,,,,,,,,,,,,Marketing,
,,,,,,,,,,,,,,,,,,,,,,,,,,,,,,Comercial,
,,,,,,,,,,,,,,,,,,,,,,,,,,,,,,Financeiro,
,,,,,,,,,,,,,,,,,,,,,,,,,,,,,,Financeiro,
,,,,,,,,,,,,,,,,,,,,,,,,,,,,,,RH,
,,,,,,,,,,,,,,,,,,,,,,,,,,,,,,RH,
,,,,,,,,,,,,,,,,,,,,,,,,,,,,,,RH,
,,,,,,,,,,,,,,,,,,,,,,,,,,,,,,Comercial,
,,,,,,,,,,,,,,,,,,,,,,,,,,,,,,Comercial,
,,,,,,,,,,,,,,,,,,,,,,,,,,,,,,Marketing,
,,,,,,,,,,,,,,,,,,,,,,,,,,,,,,Marketing,
,,,,,,,,,,,,,,,,,,,,,,,,,,,,,,Marketing,
,,,,,,,,,,,,,,,,,,,,,,,,,,,,,,TI,
,,,,,,,,,,,,,,,,,,,,,,,,,,,,,,RH,
,,,,,,,,,,,,,,,,,,,,,,,,,,,,,,Financeiro,
,,,,,,,,,,,,,,,,,,,,,,,,,,,,,,Comercial,
,,,,,,,,,,,,,,,,,,,,,,,,,,,,,,Comercial,
,,,,,,,,,,,,,,,,,,,,,,,,,,,,,,Marketing,
,,,,,,,,,,,,,,,,,,,,,,,,,,,,,,Financeiro,
,,,,,,,,,,,,,,,,,,,,,,,,,,,,,,RH,
,,,,,,,,,,,,,,,,,,,,,,,,,,,,,,Marketing,
,,,,,,,,,,,,,,,,,,,,,,,,,,,,,,Marketing,
,,,,,,,,,,,,,,,,,,,,,,,,,,,,,,Marketing,
,,,,,,,,,,,,,,,,,,,,,,,,,,,,,,Marketing,
,,,,,,,,,,,,,,,,,,,,,,,,,,,,,,Operações,
,,,,,,,,,,,,,,,,,,,,,,,,,,,,,,Operações,
,,,,,,,,,,,,,,,,,,,,,,,,,,,,,,RH,
,,,,,,,,,,,,,,,,,,,,,,,,,,,,,,Marketing,
,,,,,,,,,,,,,,,,,,,,,,,,,,,,,,Operações,
,,,,,,,,,,,,,,,,,,,,,,,,,,,,,,RH,
,,,,,,,,,,,,,,,,,,,,,,,,,,,,,,Financeiro,
,,,,,,,,,,,,,,,,,,,,,,,,,,,,,,Marketing,
,,,,,,,,,,,,,,,,,,,,,,,,,,,,,,RH,
,,,,,,,,,,,,,,,,,,,,,,,,,,,,,,Comercial,
,,,,,,,,,,,,,,,,,,,,,,,,,,,,,,Marketing,
,,,,,,,,,,,,,,,,,,,,,,,,,,,,,,Comercial,
,,,,,,,,,,,,,,,,,,,,,,,,,,,,,,Operações,
,,,,,,,,,,,,,,,,,,,,,,,,,,,,,,RH,
,,,,,,,,,,,,,,,,,,,,,,,,,,,,,,Operações,
,,,,,,,,,,,,,,,,,,,,,,,,,,,,,,Comercial,
,,,,,,,,,,,,,,,,,,,,,,,,,,,,,,Comercial,
,,,,,,,,,,,,,,,,,,,,,,,,,,,,,,Marketing,
,,,,,,,,,,,,,,,,,,,,,,,,,,,,,,Operações,
,,,,,,,,,,,,,,,,,,,,,,,,,,,,,,Comercial,
,,,,,,,,,,,,,,,,,,,,,,,,,,,,,,Marketing,
,,,,,,,,,,,,,,,,,,,,,,,,,,,,,,RH,
,,,,,,,,,,,,,,,,,,,,,,,,,,,,,,TI,
,,,,,,,,,,,,,,,,,,,,,,,,,,,,,,TI,
,,,,,,,,,,,,,,,,,,,,,,,,,,,,,,Operações,
,,,,,,,,,,,,,,,,,,,,,,,,,,,,,,RH,
,,,,,,,,,,,,,,,,,,,,,,,,,,,,,,Operações,
,,,,,,,,,,,,,,,,,,,,,,,,,,,,,,RH,
,,,,,,,,,,,,,,,,,,,,,,,,,,,,,,Financeiro,
,,,,,,,,,,,,,,,,,,,,,,,,,,,,,,Financeiro,
,,,,,,,,,,,,,,,,,,,,,,,,,,,,,,TI,
,,,,,,,,,,,,,,,,,,,,,,,,,,,,,,Marketing,
,,,,,,,,,,,,,,,,,,,,,,,,,,,,,,RH,
,,,,,,,,,,,,,,,,,,,,,,,,,,,,,,Comercial,
,,,,,,,,,,,,,,,,,,,,,,,,,,,,,,TI,
,,,,,,,,,,,,,,,,,,,,,,,,,,,,,,TI,
,,,,,,,,,,,,,,,,,,,,,,,,,,,,,,Comercial,
,,,,,,,,,,,,,,,,,,,,,,,,,,,,,,Operações,
,,,,,,,,,,,,,,,,,,,,,,,,,,,,,,TI,
,,,,,,,,,,,,,,,,,,,,,,,,,,,,,,RH,
,,,,,,,,,,,,,,,,,,,,,,,,,,,,,,Operações,
,,,,,,,,,,,,,,,,,,,,,,,,,,,,,,Financeiro,
,,,,,,,,,,,,,,,,,,,,,,,,,,,,,,RH,
,,,,,,,,,,,,,,,,,,,,,,,,,,,,,,TI,
,,,,,,,,,,,,,,,,,,,,,,,,,,,,,,Marketing,
,,,,,,,,,,,,,,,,,,,,,,,,,,,,,,Comercial,
,,,,,,,,,,,,,,,,,,,,,,,,,,,,,,TI,
,,,,,,,,,,,,,,,,,,,,,,,,,,,,,,Comercial,
,,,,,,,,,,,,,,,,,,,,,,,,,,,,,,Operações,
,,,,,,,,,,,,,,,,,,,,,,,,,,,,,,Operações,
,,,,,,,,,,,,,,,,,,,,,,,,,,,,,,Comercial,
,,,,,,,,,,,,,,,,,,,,,,,,,,,,,,TI,
,,,,,,,,,,,,,,,,,,,,,,,,,,,,,,Comercial,
,,,,,,,,,,,,,,,,,,,,,,,,,,,,,,RH,
,,,,,,,,,,,,,,,,,,,,,,,,,,,,,,Comercial,
,,,,,,,,,,,,,,,,,,,,,,,,,,,,,,Operações,
,,,,,,,,,,,,,,,,,,,,,,,,,,,,,,Financeiro,
,,,,,,,,,,,,,,,,,,,,,,,,,,,,,,TI,
,,,,,,,,,,,,,,,,,,,,,,,,,,,,,,Operações,
,,,,,,,,,,,,,,,,,,,,,,,,,,,,,,TI,
,,,,,,,,,,,,,,,,,,,,,,,,,,,,,,TI,
,,,,,,,,,,,,,,,,,,,,,,,,,,,,,,RH,
,,,,,,,,,,,,,,,,,,,,,,,,,,,,,,Financeiro,
,,,,,,,,,,,,,,,,,,,,,,,,,,,,,,RH,
,,,,,,,,,,,,,,,,,,,,,,,,,,,,,,Operações,
,,,,,,,,,,,,,,,,,,,,,,,,,,,,,,Comercial,
,,,,,,,,,,,,,,,,,,,,,,,,,,,,,,Financeiro,
,,,,,,,,,,,,,,,,,,,,,,,,,,,,,,TI,
,,,,,,,,,,,,,,,,,,,,,,,,,,,,,,TI,
,,,,,,,,,,,,,,,,,,,,,,,,,,,,,,RH,
,,,,,,,,,,,,,,,,,,,,,,,,,,,,,,TI,
,,,,,,,,,,,,,,,,,,,,,,,,,,,,,,TI,
,,,,,,,,,,,,,,,,,,,,,,,,,,,,,,Financeiro,
,,,,,,,,,,,,,,,,,,,,,,,,,,,,,,Marketing,
,,,,,,,,,,,,,,,,,,,,,,,,,,,,,,TI,
,,,,,,,,,,,,,,,,,,,,,,,,,,,,,,Marketing,
,,,,,,,,,,,,,,,,,,,,,,,,,,,,,,TI,
,,,,,,,,,,,,,,,,,,,,,,,,,,,,,,Operações,
,,,,,,,,,,,,,,,,,,,,,,,,,,,,,,RH,
,,,,,,,,,,,,,,,,,,,,,,,,,,,,,,Operações,
,,,,,,,,,,,,,,,,,,,,,,,,,,,,,,Financeiro,
,,,,,,,,,,,,,,,,,,,,,,,,,,,,,,RH,
,,,,,,,,,,,,,,,,,,,,,,,,,,,,,,Operações,
,,,,,,,,,,,,,,,,,,,,,,,,,,,,,,Comercial,
,,,,,,,,,,,,,,,,,,,,,,,,,,,,,,Operações,
,,,,,,,,,,,,,,,,,,,,,,,,,,,,,,Financeiro,
,,,,,,,,,,,,,,,,,,,,,,,,,,,,,,Marketing,
,,,,,,,,,,,,,,,,,,,,,,,,,,,,,,Marketing,
,,,,,,,,,,,,,,,,,,,,,,,,,,,,,,Financeiro,
,,,,,,,,,,,,,,,,,,,,,,,,,,,,,,RH,
,,,,,,,,,,,,,,,,,,,,,,,,,,,,,,Financeiro,
,,,,,,,,,,,,,,,,,,,,,,,,,,,,,,Operações,
,,,,,,,,,,,,,,,,,,,,,,,,,,,,,,Comercial,
,,,,,,,,,,,,,,,,,,,,,,,,,,,,,,RH,
,,,,,,,,,,,,,,,,,,,,,,,,,,,,,,TI,
,,,,,,,,,,,,,,,,,,,,,,,,,,,,,,TI,
,,,,,,,,,,,,,,,,,,,,,,,,,,,,,,RH,
,,,,,,,,,,,,,,,,,,,,,,,,,,,,,,RH,
,,,,,,,,,,,,,,,,,,,,,,,,,,,,,,Marketing,
,,,,,,,,,,,,,,,,,,,,,,,,,,,,,,Operações,
,,,,,,,,,,,,,,,,,,,,,,,,,,,,,,Financeiro,
,,,,,,,,,,,,,,,,,,,,,,,,,,,,,,TI,
,,,,,,,,,,,,,,,,,,,,,,,,,,,,,,Operações,
,,,,,,,,,,,,,,,,,,,,,,,,,,,,,,Financeiro,
,,,,,,,,,,,,,,,,,,,,,,,,,,,,,,Operações,
,,,,,,,,,,,,,,,,,,,,,,,,,,,,,,RH,
,,,,,,,,,,,,,,,,,,,,,,,,,,,,,,Financeiro,
,,,,,,,,,,,,,,,,,,,,,,,,,,,,,,Operações,
,,,,,,,,,,,,,,,,,,,,,,,,,,,,,,RH,
,,,,,,,,,,,,,,,,,,,,,,,,,,,,,,RH,
,,,,,,,,,,,,,,,,,,,,,,,,,,,,,,Financeiro,
,,,,,,,,,,,,,,,,,,,,,,,,,,,,,,TI,
,,,,,,,,,,,,,,,,,,,,,,,,,,,,,,Marketing,
,,,,,,,,,,,,,,,,,,,,,,,,,,,,,,Financeiro,
,,,,,,,,,,,,,,,,,,,,,,,,,,,,,,RH,
,,,,,,,,,,,,,,,,,,,,,,,,,,,,,,TI,
,,,,,,,,,,,,,,,,,,,,,,,,,,,,,,Financeiro,
,,,,,,,,,,,,,,,,,,,,,,,,,,,,,,Operações,
,,,,,,,,,,,,,,,,,,,,,,,,,,,,,,Financeiro,
,,,,,,,,,,,,,,,,,,,,,,,,,,,,,,RH,
,,,,,,,,,,,,,,,,,,,,,,,,,,,,,,Financeiro,
,,,,,,,,,,,,,,,,,,,,,,,,,,,,,,TI,
,,,,,,,,,,,,,,,,,,,,,,,,,,,,,,RH,
,,,,,,,,,,,,,,,,,,,,,,,,,,,,,,TI,
,,,,,,,,,,,,,,,,,,,,,,,,,,,,,,Marketing,
,,,,,,,,,,,,,,,,,,,,,,,,,,,,,,Marketing,
,,,,,,,,,,,,,,,,,,,,,,,,,,,,,,TI,
,,,,,,,,,,,,,,,,,,,,,,,,,,,,,,Comercial,
,,,,,,,,,,,,,,,,,,,,,,,,,,,,,,TI,
,,,,,,,,,,,,,,,,,,,,,,,,,,,,,,Marketing,
,,,,,,,,,,,,,,,,,,,,,,,,,,,,,,Comercial,
,,,,,,,,,,,,,,,,,,,,,,,,,,,,,,Marketing,
,,,,,,,,,,,,,,,,,,,,,,,,,,,,,,Operações,
,,,,,,,,,,,,,,,,,,,,,,,,,,,,,,Comercial,
,,,,,,,,,,,,,,,,,,,,,,,,,,,,,,RH,
,,,,,,,,,,,,,,,,,,,,,,,,,,,,,,TI,
,,,,,,,,,,,,,,,,,,,,,,,,,,,,,,Comercial,
,,,,,,,,,,,,,,,,,,,,,,,,,,,,,,Comercial,
,,,,,,,,,,,,,,,,,,,,,,,,,,,,,,Operações,
,,,,,,,,,,,,,,,,,,,,,,,,,,,,,,RH,
,,,,,,,,,,,,,,,,,,,,,,,,,,,,,,Marketing,
,,,,,,,,,,,,,,,,,,,,,,,,,,,,,,Comercial,
,,,,,,,,,,,,,,,,,,,,,,,,,,,,,,Comercial,
,,,,,,,,,,,,,,,,,,,,,,,,,,,,,,RH,
,,,,,,,,,,,,,,,,,,,,,,,,,,,,,,Operações,
,,,,,,,,,,,,,,,,,,,,,,,,,,,,,,RH,
,,,,,,,,,,,,,,,,,,,,,,,,,,,,,,TI,
,,,,,,,,,,,,,,,,,,,,,,,,,,,,,,Operações,
,,,,,,,,,,,,,,,,,,,,,,,,,,,,,,Comercial,
,,,,,,,,,,,,,,,,,,,,,,,,,,,,,,Marketing,
,,,,,,,,,,,,,,,,,,,,,,,,,,,,,,TI,
,,,,,,,,,,,,,,,,,,,,,,,,,,,,,,Operações,
,,,,,,,,,,,,,,,,,,,,,,,,,,,,,,Operações,
,,,,,,,,,,,,,,,,,,,,,,,,,,,,,,TI,
,,,,,,,,,,,,,,,,,,,,,,,,,,,,,,RH,
,,,,,,,,,,,,,,,,,,,,,,,,,,,,,,Financeiro,
,,,,,,,,,,,,,,,,,,,,,,,,,,,,,,RH,
,,,,,,,,,,,,,,,,,,,,,,,,,,,,,,Comercial,
,,,,,,,,,,,,,,,,,,,,,,,,,,,,,,Financeiro,
,,,,,,,,,,,,,,,,,,,,,,,,,,,,,,Marketing,
,,,,,,,,,,,,,,,,,,,,,,,,,,,,,,TI,
,,,,,,,,,,,,,,,,,,,,,,,,,,,,,,Financeiro,
,,,,,,,,,,,,,,,,,,,,,,,,,,,,,,Marketing,
,,,,,,,,,,,,,,,,,,,,,,,,,,,,,,Financeiro,
,,,,,,,,,,,,,,,,,,,,,,,,,,,,,,RH,
,,,,,,,,,,,,,,,,,,,,,,,,,,,,,,TI,
,,,,,,,,,,,,,,,,,,,,,,,,,,,,,,Marketing,
,,,,,,,,,,,,,,,,,,,,,,,,,,,,,,Comercial,
,,,,,,,,,,,,,,,,,,,,,,,,,,,,,,Financeiro,
,,,,,,,,,,,,,,,,,,,,,,,,,,,,,,Comercial,
,,,,,,,,,,,,,,,,,,,,,,,,,,,,,,Financeiro,
,,,,,,,,,,,,,,,,,,,,,,,,,,,,,,Financeiro,
,,,,,,,,,,,,,,,,,,,,,,,,,,,,,,Marketing,
,,,,,,,,,,,,,,,,,,,,,,,,,,,,,,Operações,
,,,,,,,,,,,,,,,,,,,,,,,,,,,,,,Financeiro,
,,,,,,,,,,,,,,,,,,,,,,,,,,,,,,TI,
,,,,,,,,,,,,,,,,,,,,,,,,,,,,,,Comercial,
,,,,,,,,,,,,,,,,,,,,,,,,,,,,,,Financeiro,
,,,,,,,,,,,,,,,,,,,,,,,,,,,,,,RH,
,,,,,,,,,,,,,,,,,,,,,,,,,,,,,,TI,
,,,,,,,,,,,,,,,,,,,,,,,,,,,,,,Financeiro,
,,,,,,,,,,,,,,,,,,,,,,,,,,,,,,Marketing,
,,,,,,,,,,,,,,,,,,,,,,,,,,,,,,Operações,
,,,,,,,,,,,,,,,,,,,,,,,,,,,,,,Comercial,
,,,,,,,,,,,,,,,,,,,,,,,,,,,,,,Marketing,
,,,,,,,,,,,,,,,,,,,,,,,,,,,,,,Operações,
,,,,,,,,,,,,,,,,,,,,,,,,,,,,,,Operações,
,,,,,,,,,,,,,,,,,,,,,,,,,,,,,,Comercial,
,,,,,,,,,,,,,,,,,,,,,,,,,,,,,,TI,
,,,,,,,,,,,,,,,,,,,,,,,,,,,,,,Financeiro,
,,,,,,,,,,,,,,,,,,,,,,,,,,,,,,Comercial,
,,,,,,,,,,,,,,,,,,,,,,,,,,,,,,Financeiro,
,,,,,,,,,,,,,,,,,,,,,,,,,,,,,,Comercial,
,,,,,,,,,,,,,,,,,,,,,,,,,,,,,,RH,
,,,,,,,,,,,,,,,,,,,,,,,,,,,,,,Financeiro,
,,,,,,,,,,,,,,,,,,,,,,,,,,,,,,Comercial,
,,,,,,,,,,,,,,,,,,,,,,,,,,,,,,Financeiro,
,,,,,,,,,,,,,,,,,,,,,,,,,,,,,,Marketing,
,,,,,,,,,,,,,,,,,,,,,,,,,,,,,,RH,
,,,,,,,,,,,,,,,,,,,,,,,,,,,,,,RH,
,,,,,,,,,,,,,,,,,,,,,,,,,,,,,,Comercial,
,,,,,,,,,,,,,,,,,,,,,,,,,,,,,,RH,
,,,,,,,,,,,,,,,,,,,,,,,,,,,,,,TI,
,,,,,,,,,,,,,,,,,,,,,,,,,,,,,,RH,
,,,,,,,,,,,,,,,,,,,,,,,,,,,,,,Operações,
,,,,,,,,,,,,,,,,,,,,,,,,,,,,,,Marketing,
,,,,,,,,,,,,,,,,,,,,,,,,,,,,,,RH,
,,,,,,,,,,,,,,,,,,,,,,,,,,,,,,Comercial,
,,,,,,,,,,,,,,,,,,,,,,,,,,,,,,Marketing,
,,,,,,,,,,,,,,,,,,,,,,,,,,,,,,Marketing,
,,,,,,,,,,,,,,,,,,,,,,,,,,,,,,Financeiro,
,,,,,,,,,,,,,,,,,,,,,,,,,,,,,,TI,
,,,,,,,,,,,,,,,,,,,,,,,,,,,,,,RH,
,,,,,,,,,,,,,,,,,,,,,,,,,,,,,,Operações,
,,,,,,,,,,,,,,,,,,,,,,,,,,,,,,Operações,
,,,,,,,,,,,,,,,,,,,,,,,,,,,,,,TI,
,,,,,,,,,,,,,,,,,,,,,,,,,,,,,,Comercial,
,,,,,,,,,,,,,,,,,,,,,,,,,,,,,,Financeiro,
,,,,,,,,,,,,,,,,,,,,,,,,,,,,,,TI,
,,,,,,,,,,,,,,,,,,,,,,,,,,,,,,Comercial,
,,,,,,,,,,,,,,,,,,,,,,,,,,,,,,Marketing,
,,,,,,,,,,,,,,,,,,,,,,,,,,,,,,Operações,
,,,,,,,,,,,,,,,,,,,,,,,,,,,,,,Comercial,
,,,,,,,,,,,,,,,,,,,,,,,,,,,,,,TI,
,,,,,,,,,,,,,,,,,,,,,,,,,,,,,,Comercial,
,,,,,,,,,,,,,,,,,,,,,,,,,,,,,,RH,
,,,,,,,,,,,,,,,,,,,,,,,,,,,,,,TI,
,,,,,,,,,,,,,,,,,,,,,,,,,,,,,,Comercial,
,,,,,,,,,,,,,,,,,,,,,,,,,,,,,,Financeiro,
,,,,,,,,,,,,,,,,,,,,,,,,,,,,,,Comercial,
,,,,,,,,,,,,,,,,,,,,,,,,,,,,,,RH,
,,,,,,,,,,,,,,,,,,,,,,,,,,,,,,Marketing,
,,,,,,,,,,,,,,,,,,,,,,,,,,,,,,Operações,
,,,,,,,,,,,,,,,,,,,,,,,,,,,,,,Comercial,
,,,,,,,,,,,,,,,,,,,,,,,,,,,,,,Marketing,
,,,,,,,,,,,,,,,,,,,,,,,,,,,,,,Marketing,
,,,,,,,,,,,,,,,,,,,,,,,,,,,,,,RH,
,,,,,,,,,,,,,,,,,,,,,,,,,,,,,,RH,
,,,,,,,,,,,,,,,,,,,,,,,,,,,,,,TI,
,,,,,,,,,,,,,,,,,,,,,,,,,,,,,,Financeiro,
,,,,,,,,,,,,,,,,,,,,,,,,,,,,,,Comercial,
,,,,,,,,,,,,,,,,,,,,,,,,,,,,,,Operações,
,,,,,,,,,,,,,,,,,,,,,,,,,,,,,,Financeiro,
,,,,,,,,,,,,,,,,,,,,,,,,,,,,,,Operações,
,,,,,,,,,,,,,,,,,,,,,,,,,,,,,,TI,
,,,,,,,,,,,,,,,,,,,,,,,,,,,,,,Comercial,
,,,,,,,,,,,,,,,,,,,,,,,,,,,,,,RH,
,,,,,,,,,,,,,,,,,,,,,,,,,,,,,,RH,
,,,,,,,,,,,,,,,,,,,,,,,,,,,,,,TI,
,,,,,,,,,,,,,,,,,,,,,,,,,,,,,,Operações,
,,,,,,,,,,,,,,,,,,,,,,,,,,,,,,Marketing,
,,,,,,,,,,,,,,,,,,,,,,,,,,,,,,TI,
,,,,,,,,,,,,,,,,,,,,,,,,,,,,,,TI,
,,,,,,,,,,,,,,,,,,,,,,,,,,,,,,Comercial,
,,,,,,,,,,,,,,,,,,,,,,,,,,,,,,TI,
,,,,,,,,,,,,,,,,,,,,,,,,,,,,,,Comercial,
,,,,,,,,,,,,,,,,,,,,,,,,,,,,,,Operações,
,,,,,,,,,,,,,,,,,,,,,,,,,,,,,,TI,
,,,,,,,,,,,,,,,,,,,,,,,,,,,,,,Financeiro,
,,,,,,,,,,,,,,,,,,,,,,,,,,,,,,RH,
,,,,,,,,,,,,,,,,,,,,,,,,,,,,,,Marketing,
,,,,,,,,,,,,,,,,,,,,,,,,,,,,,,Operações,
,,,,,,,,,,,,,,,,,,,,,,,,,,,,,,Comercial,
,,,,,,,,,,,,,,,,,,,,,,,,,,,,,,RH,
,,,,,,,,,,,,,,,,,,,,,,,,,,,,,,Operações,
,,,,,,,,,,,,,,,,,,,,,,,,,,,,,,Comercial,
,,,,,,,,,,,,,,,,,,,,,,,,,,,,,,Marketing,
,,,,,,,,,,,,,,,,,,,,,,,,,,,,,,Financeiro,
,,,,,,,,,,,,,,,,,,,,,,,,,,,,,,TI,
,,,,,,,,,,,,,,,,,,,,,,,,,,,,,,Marketing,
,,,,,,,,,,,,,,,,,,,,,,,,,,,,,,Financeiro,
,,,,,,,,,,,,,,,,,,,,,,,,,,,,,,Comercial,
,,,,,,,,,,,,,,,,,,,,,,,,,,,,,,Marketing,
,,,,,,,,,,,,,,,,,,,,,,,,,,,,,,Financeiro,
,,,,,,,,,,,,,,,,,,,,,,,,,,,,,,TI,
,,,,,,,,,,,,,,,,,,,,,,,,,,,,,,Financeiro,
,,,,,,,,,,,,,,,,,,,,,,,,,,,,,,Comercial,
,,,,,,,,,,,,,,,,,,,,,,,,,,,,,,Marketing,
,,,,,,,,,,,,,,,,,,,,,,,,,,,,,,RH,
,,,,,,,,,,,,,,,,,,,,,,,,,,,,,,Operações,
,,,,,,,,,,,,,,,,,,,,,,,,,,,,,,RH,
,,,,,,,,,,,,,,,,,,,,,,,,,,,,,,TI,
,,,,,,,,,,,,,,,,,,,,,,,,,,,,,,Marketing,
,,,,,,,,,,,,,,,,,,,,,,,,,,,,,,Operações,
,,,,,,,,,,,,,,,,,,,,,,,,,,,,,,Comercial,
,,,,,,,,,,,,,,,,,,,,,,,,,,,,,,TI,
,,,,,,,,,,,,,,,,,,,,,,,,,,,,,,Marketing,
,,,,,,,,,,,,,,,,,,,,,,,,,,,,,,TI,
,,,,,,,,,,,,,,,,,,,,,,,,,,,,,,Marketing,
,,,,,,,,,,,,,,,,,,,,,,,,,,,,,,RH,
,,,,,,,,,,,,,,,,,,,,,,,,,,,,,,TI,
,,,,,,,,,,,,,,,,,,,,,,,,,,,,,,RH,
,,,,,,,,,,,,,,,,,,,,,,,,,,,,,,Operações,
,,,,,,,,,,,,,,,,,,,,,,,,,,,,,,TI,
,,,,,,,,,,,,,,,,,,,,,,,,,,,,,,Comercial,
,,,,,,,,,,,,,,,,,,,,,,,,,,,,,,Financeiro,
,,,,,,,,,,,,,,,,,,,,,,,,,,,,,,Comercial,
,,,,,,,,,,,,,,,,,,,,,,,,,,,,,,Financeiro,
,,,,,,,,,,,,,,,,,,,,,,,,,,,,,,TI,
,,,,,,,,,,,,,,,,,,,,,,,,,,,,,,Marketing,
,,,,,,,,,,,,,,,,,,,,,,,,,,,,,,RH,
,,,,,,,,,,,,,,,,,,,,,,,,,,,,,,Financeiro,
,,,,,,,,,,,,,,,,,,,,,,,,,,,,,,Operações,
,,,,,,,,,,,,,,,,,,,,,,,,,,,,,,Financeiro,
,,,,,,,,,,,,,,,,,,,,,,,,,,,,,,TI,
,,,,,,,,,,,,,,,,,,,,,,,,,,,,,,Operações,
,,,,,,,,,,,,,,,,,,,,,,,,,,,,,,TI,
,,,,,,,,,,,,,,,,,,,,,,,,,,,,,,Comercial,
,,,,,,,,,,,,,,,,,,,,,,,,,,,,,,Operações,
,,,,,,,,,,,,,,,,,,,,,,,,,,,,,,Operações,
,,,,,,,,,,,,,,,,,,,,,,,,,,,,,,RH,
,,,,,,,,,,,,,,,,,,,,,,,,,,,,,,Financeiro,
,,,,,,,,,,,,,,,,,,,,,,,,,,,,,,RH,
,,,,,,,,,,,,,,,,,,,,,,,,,,,,,,Financeiro,
,,,,,,,,,,,,,,,,,,,,,,,,,,,,,,Financeiro,
,,,,,,,,,,,,,,,,,,,,,,,,,,,,,,Financeiro,
,,,,,,,,,,,,,,,,,,,,,,,,,,,,,,RH,
,,,,,,,,,,,,,,,,,,,,,,,,,,,,,,Marketing,
,,,,,,,,,,,,,,,,,,,,,,,,,,,,,,Financeiro,
,,,,,,,,,,,,,,,,,,,,,,,,,,,,,,Marketing,
,,,,,,,,,,,,,,,,,,,,,,,,,,,,,,Financeiro,
,,,,,,,,,,,,,,,,,,,,,,,,,,,,,,Operações,
,,,,,,,,,,,,,,,,,,,,,,,,,,,,,,Operações,
,,,,,,,,,,,,,,,,,,,,,,,,,,,,,,RH,
,,,,,,,,,,,,,,,,,,,,,,,,,,,,,,RH,
,,,,,,,,,,,,,,,,,,,,,,,,,,,,,,Comercial,
,,,,,,,,,,,,,,,,,,,,,,,,,,,,,,Comercial,
,,,,,,,,,,,,,,,,,,,,,,,,,,,,,,RH,
,,,,,,,,,,,,,,,,,,,,,,,,,,,,,,Comercial,
,,,,,,,,,,,,,,,,,,,,,,,,,,,,,,Operações,
,,,,,,,,,,,,,,,,,,,,,,,,,,,,,,Operações,
,,,,,,,,,,,,,,,,,,,,,,,,,,,,,,RH,
,,,,,,,,,,,,,,,,,,,,,,,,,,,,,,RH,
,,,,,,,,,,,,,,,,,,,,,,,,,,,,,,Comercial,
,,,,,,,,,,,,,,,,,,,,,,,,,,,,,,TI,
,,,,,,,,,,,,,,,,,,,,,,,,,,,,,,Financeiro,
,,,,,,,,,,,,,,,,,,,,,,,,,,,,,,Operações,
,,,,,,,,,,,,,,,,,,,,,,,,,,,,,,RH,
,,,,,,,,,,,,,,,,,,,,,,,,,,,,,,Operações,
,,,,,,,,,,,,,,,,,,,,,,,,,,,,,,Marketing,
,,,,,,,,,,,,,,,,,,,,,,,,,,,,,,Operações,
,,,,,,,,,,,,,,,,,,,,,,,,,,,,,,TI,
,,,,,,,,,,,,,,,,,,,,,,,,,,,,,,Financeiro,
,,,,,,,,,,,,,,,,,,,,,,,,,,,,,,Comercial,
,,,,,,,,,,,,,,,,,,,,,,,,,,,,,,TI,
,,,,,,,,,,,,,,,,,,,,,,,,,,,,,,Financeiro,
,,,,,,,,,,,,,,,,,,,,,,,,,,,,,,Financeiro,
,,,,,,,,,,,,,,,,,,,,,,,,,,,,,,Comercial,
,,,,,,,,,,,,,,,,,,,,,,,,,,,,,,Operações,
,,,,,,,,,,,,,,,,,,,,,,,,,,,,,,Financeiro,
,,,,,,,,,,,,,,,,,,,,,,,,,,,,,,Marketing,
,,,,,,,,,,,,,,,,,,,,,,,,,,,,,,Comercial,
,,,,,,,,,,,,,,,,,,,,,,,,,,,,,,TI,
,,,,,,,,,,,,,,,,,,,,,,,,,,,,,,TI,
,,,,,,,,,,,,,,,,,,,,,,,,,,,,,,RH,
,,,,,,,,,,,,,,,,,,,,,,,,,,,,,,Comercial,
,,,,,,,,,,,,,,,,,,,,,,,,,,,,,,RH,
,,,,,,,,,,,,,,,,,,,,,,,,,,,,,,TI,
,,,,,,,,,,,,,,,,,,,,,,,,,,,,,,RH,
,,,,,,,,,,,,,,,,,,,,,,,,,,,,,,Comercial,
,,,,,,,,,,,,,,,,,,,,,,,,,,,,,,Financeiro,
,,,,,,,,,,,,,,,,,,,,,,,,,,,,,,TI,
,,,,,,,,,,,,,,,,,,,,,,,,,,,,,,TI,
,,,,,,,,,,,,,,,,,,,,,,,,,,,,,,TI,
,,,,,,,,,,,,,,,,,,,,,,,,,,,,,,Financeiro,
,,,,,,,,,,,,,,,,,,,,,,,,,,,,,,Comercial,
,,,,,,,,,,,,,,,,,,,,,,,,,,,,,,RH,
,,,,,,,,,,,,,,,,,,,,,,,,,,,,,,Financeiro,
,,,,,,,,,,,,,,,,,,,,,,,,,,,,,,Comercial,
,,,,,,,,,,,,,,,,,,,,,,,,,,,,,,Operações,
,,,,,,,,,,,,,,,,,,,,,,,,,,,,,,Marketing,
,,,,,,,,,,,,,,,,,,,,,,,,,,,,,,Financeiro,
,,,,,,,,,,,,,,,,,,,,,,,,,,,,,,Marketing,
,,,,,,,,,,,,,,,,,,,,,,,,,,,,,,Comercial,
,,,,,,,,,,,,,,,,,,,,,,,,,,,,,,Marketing,
,,,,,,,,,,,,,,,,,,,,,,,,,,,,,,Marketing,
,,,,,,,,,,,,,,,,,,,,,,,,,,,,,,RH,
,,,,,,,,,,,,,,,,,,,,,,,,,,,,,,Financeiro,
,,,,,,,,,,,,,,,,,,,,,,,,,,,,,,TI,
,,,,,,,,,,,,,,,,,,,,,,,,,,,,,,Marketing,
,,,,,,,,,,,,,,,,,,,,,,,,,,,,,,RH,
,,,,,,,,,,,,,,,,,,,,,,,,,,,,,,RH,
,,,,,,,,,,,,,,,,,,,,,,,,,,,,,,Marketing,
,,,,,,,,,,,,,,,,,,,,,,,,,,,,,,Comercial,
,,,,,,,,,,,,,,,,,,,,,,,,,,,,,,Comercial,
,,,,,,,,,,,,,,,,,,,,,,,,,,,,,,Marketing,
,,,,,,,,,,,,,,,,,,,,,,,,,,,,,,Marketing,
,,,,,,,,,,,,,,,,,,,,,,,,,,,,,,Operações,
,,,,,,,,,,,,,,,,,,,,,,,,,,,,,,Comercial,
,,,,,,,,,,,,,,,,,,,,,,,,,,,,,,Comercial,
,,,,,,,,,,,,,,,,,,,,,,,,,,,,,,Operações,
,,,,,,,,,,,,,,,,,,,,,,,,,,,,,,RH,
,,,,,,,,,,,,,,,,,,,,,,,,,,,,,,Operações,
,,,,,,,,,,,,,,,,,,,,,,,,,,,,,,Financeiro,
,,,,,,,,,,,,,,,,,,,,,,,,,,,,,,RH,
,,,,,,,,,,,,,,,,,,,,,,,,,,,,,,Financeiro,
,,,,,,,,,,,,,,,,,,,,,,,,,,,,,,Financeiro,
,,,,,,,,,,,,,,,,,,,,,,,,,,,,,,RH,
,,,,,,,,,,,,,,,,,,,,,,,,,,,,,,Marketing,
,,,,,,,,,,,,,,,,,,,,,,,,,,,,,,Marketing,
,,,,,,,,,,,,,,,,,,,,,,,,,,,,,,RH,
,,,,,,,,,,,,,,,,,,,,,,,,,,,,,,RH,
,,,,,,,,,,,,,,,,,,,,,,,,,,,,,,Financeiro,
,,,,,,,,,,,,,,,,,,,,,,,,,,,,,,RH,
,,,,,,,,,,,,,,,,,,,,,,,,,,,,,,Financeiro,
,,,,,,,,,,,,,,,,,,,,,,,,,,,,,,Financeiro,
,,,,,,,,,,,,,,,,,,,,,,,,,,,,,,Financeiro,
,,,,,,,,,,,,,,,,,,,,,,,,,,,,,,Comercial,
,,,,,,,,,,,,,,,,,,,,,,,,,,,,,,Comercial,
,,,,,,,,,,,,,,,,,,,,,,,,,,,,,,Financeiro,
,,,,,,,,,,,,,,,,,,,,,,,,,,,,,,Financeiro,
,,,,,,,,,,,,,,,,,,,,,,,,,,,,,,Operações,
,,,,,,,,,,,,,,,,,,,,,,,,,,,,,,RH,
,,,,,,,,,,,,,,,,,,,,,,,,,,,,,,Operações,
,,,,,,,,,,,,,,,,,,,,,,,,,,,,,,RH,
,,,,,,,,,,,,,,,,,,,,,,,,,,,,,,Marketing,
,,,,,,,,,,,,,,,,,,,,,,,,,,,,,,Operações,
,,,,,,,,,,,,,,,,,,,,,,,,,,,,,,TI,
,,,,,,,,,,,,,,,,,,,,,,,,,,,,,,Comercial,
,,,,,,,,,,,,,,,,,,,,,,,,,,,,,,RH,
,,,,,,,,,,,,,,,,,,,,,,,,,,,,,,Financeiro,
,,,,,,,,,,,,,,,,,,,,,,,,,,,,,,TI,
,,,,,,,,,,,,,,,,,,,,,,,,,,,,,,Comercial,
,,,,,,,,,,,,,,,,,,,,,,,,,,,,,,Operações,
,,,,,,,,,,,,,,,,,,,,,,,,,,,,,,Operações,
,,,,,,,,,,,,,,,,,,,,,,,,,,,,,,Operações,
,,,,,,,,,,,,,,,,,,,,,,,,,,,,,,Marketing,
,,,,,,,,,,,,,,,,,,,,,,,,,,,,,,Marketing,
,,,,,,,,,,,,,,,,,,,,,,,,,,,,,,Marketing,
,,,,,,,,,,,,,,,,,,,,,,,,,,,,,,TI,
,,,,,,,,,,,,,,,,,,,,,,,,,,,,,,Financeiro,
,,,,,,,,,,,,,,,,,,,,,,,,,,,,,,Operações,
,,,,,,,,,,,,,,,,,,,,,,,,,,,,,,Operações,
,,,,,,,,,,,,,,,,,,,,,,,,,,,,,,Financeiro,
,,,,,,,,,,,,,,,,,,,,,,,,,,,,,,Marketing,
,,,,,,,,,,,,,,,,,,,,,,,,,,,,,,RH,
,,,,,,,,,,,,,,,,,,,,,,,,,,,,,,RH,
,,,,,,,,,,,,,,,,,,,,,,,,,,,,,,Operações,
,,,,,,,,,,,,,,,,,,,,,,,,,,,,,,Operações,
,,,,,,,,,,,,,,,,,,,,,,,,,,,,,,TI,
,,,,,,,,,,,,,,,,,,,,,,,,,,,,,,Operações,
,,,,,,,,,,,,,,,,,,,,,,,,,,,,,,TI,
,,,,,,,,,,,,,,,,,,,,,,,,,,,,,,TI,
,,,,,,,,,,,,,,,,,,,,,,,,,,,,,,RH,
,,,,,,,,,,,,,,,,,,,,,,,,,,,,,,Marketing,
,,,,,,,,,,,,,,,,,,,,,,,,,,,,,,Marketing,
,,,,,,,,,,,,,,,,,,,,,,,,,,,,,,Financeiro,
,,,,,,,,,,,,,,,,,,,,,,,,,,,,,,Comercial,
,,,,,,,,,,,,,,,,,,,,,,,,,,,,,,Operações,
,,,,,,,,,,,,,,,,,,,,,,,,,,,,,,Marketing,
,,,,,,,,,,,,,,,,,,,,,,,,,,,,,,RH,
,,,,,,,,,,,,,,,,,,,,,,,,,,,,,,Operações,
,,,,,,,,,,,,,,,,,,,,,,,,,,,,,,Financeiro,
,,,,,,,,,,,,,,,,,,,,,,,,,,,,,,Operações,
,,,,,,,,,,,,,,,,,,,,,,,,,,,,,,Financeiro,
,,,,,,,,,,,,,,,,,,,,,,,,,,,,,,Operações,
,,,,,,,,,,,,,,,,,,,,,,,,,,,,,,Financeiro,
,,,,,,,,,,,,,,,,,,,,,,,,,,,,,,Comercial,
,,,,,,,,,,,,,,,,,,,,,,,,,,,,,,Marketing,
,,,,,,,,,,,,,,,,,,,,,,,,,,,,,,TI,
,,,,,,,,,,,,,,,,,,,,,,,,,,,,,,TI,
,,,,,,,,,,,,,,,,,,,,,,,,,,,,,,Marketing,
,,,,,,,,,,,,,,,,,,,,,,,,,,,,,,TI,
,,,,,,,,,,,,,,,,,,,,,,,,,,,,,,Financeiro,
,,,,,,,,,,,,,,,,,,,,,,,,,,,,,,Comercial,
,,,,,,,,,,,,,,,,,,,,,,,,,,,,,,Operações,
,,,,,,,,,,,,,,,,,,,,,,,,,,,,,,Financeiro,
,,,,,,,,,,,,,,,,,,,,,,,,,,,,,,Marketing,
,,,,,,,,,,,,,,,,,,,,,,,,,,,,,,Operações,
,,,,,,,,,,,,,,,,,,,,,,,,,,,,,,RH,
,,,,,,,,,,,,,,,,,,,,,,,,,,,,,,Comercial,
,,,,,,,,,,,,,,,,,,,,,,,,,,,,,,Operações,
,,,,,,,,,,,,,,,,,,,,,,,,,,,,,,Operações,
,,,,,,,,,,,,,,,,,,,,,,,,,,,,,,Operações,
,,,,,,,,,,,,,,,,,,,,,,,,,,,,,,RH,
,,,,,,,,,,,,,,,,,,,,,,,,,,,,,,RH,
,,,,,,,,,,,,,,,,,,,,,,,,,,,,,,RH,
,,,,,,,,,,,,,,,,,,,,,,,,,,,,,,TI,
,,,,,,,,,,,,,,,,,,,,,,,,,,,,,,Financeiro,
,,,,,,,,,,,,,,,,,,,,,,,,,,,,,,TI,
,,,,,,,,,,,,,,,,,,,,,,,,,,,,,,TI,
,,,,,,,,,,,,,,,,,,,,,,,,,,,,,,Operações,
,,,,,,,,,,,,,,,,,,,,,,,,,,,,,,TI,
,,,,,,,,,,,,,,,,,,,,,,,,,,,,,,RH,
,,,,,,,,,,,,,,,,,,,,,,,,,,,,,,Financeiro,
,,,,,,,,,,,,,,,,,,,,,,,,,,,,,,Comercial,
,,,,,,,,,,,,,,,,,,,,,,,,,,,,,,Comercial,
,,,,,,,,,,,,,,,,,,,,,,,,,,,,,,RH,
,,,,,,,,,,,,,,,,,,,,,,,,,,,,,,Marketing,
,,,,,,,,,,,,,,,,,,,,,,,,,,,,,,RH,
,,,,,,,,,,,,,,,,,,,,,,,,,,,,,,RH,
,,,,,,,,,,,,,,,,,,,,,,,,,,,,,,Marketing,
,,,,,,,,,,,,,,,,,,,,,,,,,,,,,,Financeiro,
,,,,,,,,,,,,,,,,,,,,,,,,,,,,,,Marketing,
,,,,,,,,,,,,,,,,,,,,,,,,,,,,,,Marketing,
,,,,,,,,,,,,,,,,,,,,,,,,,,,,,,TI,
,,,,,,,,,,,,,,,,,,,,,,,,,,,,,,TI,
,,,,,,,,,,,,,,,,,,,,,,,,,,,,,,RH,
,,,,,,,,,,,,,,,,,,,,,,,,,,,,,,Marketing,
,,,,,,,,,,,,,,,,,,,,,,,,,,,,,,Marketing,
,,,,,,,,,,,,,,,,,,,,,,,,,,,,,,TI,
,,,,,,,,,,,,,,,,,,,,,,,,,,,,,,Comercial,
,,,,,,,,,,,,,,,,,,,,,,,,,,,,,,Operações,
,,,,,,,,,,,,,,,,,,,,,,,,,,,,,,Financeiro,
,,,,,,,,,,,,,,,,,,,,,,,,,,,,,,Marketing,
,,,,,,,,,,,,,,,,,,,,,,,,,,,,,,TI,
,,,,,,,,,,,,,,,,,,,,,,,,,,,,,,Financeiro,
,,,,,,,,,,,,,,,,,,,,,,,,,,,,,,TI,
,,,,,,,,,,,,,,,,,,,,,,,,,,,,,,Comercial,
,,,,,,,,,,,,,,,,,,,,,,,,,,,,,,Comercial,
,,,,,,,,,,,,,,,,,,,,,,,,,,,,,,Marketing,
,,,,,,,,,,,,,,,,,,,,,,,,,,,,,,Operações,
,,,,,,,,,,,,,,,,,,,,,,,,,,,,,,Comercial,
,,,,,,,,,,,,,,,,,,,,,,,,,,,,,,Comercial,
,,,,,,,,,,,,,,,,,,,,,,,,,,,,,,TI,
,,,,,,,,,,,,,,,,,,,,,,,,,,,,,,Operações,
,,,,,,,,,,,,,,,,,,,,,,,,,,,,,,TI,
,,,,,,,,,,,,,,,,,,,,,,,,,,,,,,Marketing,
,,,,,,,,,,,,,,,,,,,,,,,,,,,,,,RH,
,,,,,,,,,,,,,,,,,,,,,,,,,,,,,,Comercial,
,,,,,,,,,,,,,,,,,,,,,,,,,,,,,,Operações,
,,,,,,,,,,,,,,,,,,,,,,,,,,,,,,RH,
,,,,,,,,,,,,,,,,,,,,,,,,,,,,,,RH,
,,,,,,,,,,,,,,,,,,,,,,,,,,,,,,Comercial,
,,,,,,,,,,,,,,,,,,,,,,,,,,,,,,Marketing,
,,,,,,,,,,,,,,,,,,,,,,,,,,,,,,TI,
,,,,,,,,,,,,,,,,,,,,,,,,,,,,,,RH,
,,,,,,,,,,,,,,,,,,,,,,,,,,,,,,TI,
,,,,,,,,,,,,,,,,,,,,,,,,,,,,,,Operações,
,,,,,,,,,,,,,,,,,,,,,,,,,,,,,,Marketing,
,,,,,,,,,,,,,,,,,,,,,,,,,,,,,,TI,
,,,,,,,,,,,,,,,,,,,,,,,,,,,,,,Marketing,
,,,,,,,,,,,,,,,,,,,,,,,,,,,,,,Operações,
,,,,,,,,,,,,,,,,,,,,,,,,,,,,,,Marketing,
,,,,,,,,,,,,,,,,,,,,,,,,,,,,,,Marketing,
,,,,,,,,,,,,,,,,,,,,,,,,,,,,,,Operações,
,,,,,,,,,,,,,,,,,,,,,,,,,,,,,,Operações,
,,,,,,,,,,,,,,,,,,,,,,,,,,,,,,Financeiro,
,,,,,,,,,,,,,,,,,,,,,,,,,,,,,,TI,
,,,,,,,,,,,,,,,,,,,,,,,,,,,,,,Marketing,
,,,,,,,,,,,,,,,,,,,,,,,,,,,,,,Financeiro,
,,,,,,,,,,,,,,,,,,,,,,,,,,,,,,Comercial,
,,,,,,,,,,,,,,,,,,,,,,,,,,,,,,Comercial,
,,,,,,,,,,,,,,,,,,,,,,,,,,,,,,Operações,
,,,,,,,,,,,,,,,,,,,,,,,,,,,,,,Marketing,
,,,,,,,,,,,,,,,,,,,,,,,,,,,,,,TI,
,,,,,,,,,,,,,,,,,,,,,,,,,,,,,,TI,
,,,,,,,,,,,,,,,,,,,,,,,,,,,,,,Operações,
,,,,,,,,,,,,,,,,,,,,,,,,,,,,,,TI,
,,,,,,,,,,,,,,,,,,,,,,,,,,,,,,Financeiro,
,,,,,,,,,,,,,,,,,,,,,,,,,,,,,,TI,
,,,,,,,,,,,,,,,,,,,,,,,,,,,,,,Financeiro,
,,,,,,,,,,,,,,,,,,,,,,,,,,,,,,Comercial,
,,,,,,,,,,,,,,,,,,,,,,,,,,,,,,Comercial,
,,,,,,,,,,,,,,,,,,,,,,,,,,,,,,Marketing,
,,,,,,,,,,,,,,,,,,,,,,,,,,,,,,Comercial,
,,,,,,,,,,,,,,,,,,,,,,,,,,,,,,Financeiro,
,,,,,,,,,,,,,,,,,,,,,,,,,,,,,,Operações,
,,,,,,,,,,,,,,,,,,,,,,,,,,,,,,Marketing,
,,,,,,,,,,,,,,,,,,,,,,,,,,,,,,Marketing,
,,,,,,,,,,,,,,,,,,,,,,,,,,,,,,Operações,
,,,,,,,,,,,,,,,,,,,,,,,,,,,,,,Operações,
,,,,,,,,,,,,,,,,,,,,,,,,,,,,,,Financeiro,
,,,,,,,,,,,,,,,,,,,,,,,,,,,,,,Marketing,
,,,,,,,,,,,,,,,,,,,,,,,,,,,,,,Financeiro,
,,,,,,,,,,,,,,,,,,,,,,,,,,,,,,TI,
,,,,,,,,,,,,,,,,,,,,,,,,,,,,,,Marketing,
,,,,,,,,,,,,,,,,,,,,,,,,,,,,,,Operações,
,,,,,,,,,,,,,,,,,,,,,,,,,,,,,,TI,
,,,,,,,,,,,,,,,,,,,,,,,,,,,,,,Financeiro,
,,,,,,,,,,,,,,,,,,,,,,,,,,,,,,Comercial,
,,,,,,,,,,,,,,,,,,,,,,,,,,,,,,Marketing,
,,,,,,,,,,,,,,,,,,,,,,,,,,,,,,Operações,
,,,,,,,,,,,,,,,,,,,,,,,,,,,,,,Marketing,
,,,,,,,,,,,,,,,,,,,,,,,,,,,,,,Operações,
,,,,,,,,,,,,,,,,,,,,,,,,,,,,,,Marketing,
,,,,,,,,,,,,,,,,,,,,,,,,,,,,,,Operações,
,,,,,,,,,,,,,,,,,,,,,,,,,,,,,,Operações,
,,,,,,,,,,,,,,,,,,,,,,,,,,,,,,RH,
,,,,,,,,,,,,,,,,,,,,,,,,,,,,,,Marketing,
,,,,,,,,,,,,,,,,,,,,,,,,,,,,,,Comercial,
,,,,,,,,,,,,,,,,,,,,,,,,,,,,,,Financeiro,
,,,,,,,,,,,,,,,,,,,,,,,,,,,,,,Financeiro,
,,,,,,,,,,,,,,,,,,,,,,,,,,,,,,RH,
,,,,,,,,,,,,,,,,,,,,,,,,,,,,,,Comercial,
,,,,,,,,,,,,,,,,,,,,,,,,,,,,,,RH,
,,,,,,,,,,,,,,,,,,,,,,,,,,,,,,Operações,
,,,,,,,,,,,,,,,,,,,,,,,,,,,,,,TI,
,,,,,,,,,,,,,,,,,,,,,,,,,,,,,,Financeiro,
,,,,,,,,,,,,,,,,,,,,,,,,,,,,,,Comercial,
,,,,,,,,,,,,,,,,,,,,,,,,,,,,,,RH,
,,,,,,,,,,,,,,,,,,,,,,,,,,,,,,RH,
,,,,,,,,,,,,,,,,,,,,,,,,,,,,,,Marketing,
,,,,,,,,,,,,,,,,,,,,,,,,,,,,,,RH,
,,,,,,,,,,,,,,,,,,,,,,,,,,,,,,Operações,
,,,,,,,,,,,,,,,,,,,,,,,,,,,,,,Financeiro,
,,,,,,,,,,,,,,,,,,,,,,,,,,,,,,Comercial,
,,,,,,,,,,,,,,,,,,,,,,,,,,,,,,Operações,
,,,,,,,,,,,,,,,,,,,,,,,,,,,,,,Comercial,
,,,,,,,,,,,,,,,,,,,,,,,,,,,,,,Operações,
,,,,,,,,,,,,,,,,,,,,,,,,,,,,,,Comercial,
,,,,,,,,,,,,,,,,,,,,,,,,,,,,,,RH,
,,,,,,,,,,,,,,,,,,,,,,,,,,,,,,Comercial,
,,,,,,,,,,,,,,,,,,,,,,,,,,,,,,Financeiro,
,,,,,,,,,,,,,,,,,,,,,,,,,,,,,,Operações,
,,,,,,,,,,,,,,,,,,,,,,,,,,,,,,Operações,
,,,,,,,,,,,,,,,,,,,,,,,,,,,,,,Comercial,
,,,,,,,,,,,,,,,,,,,,,,,,,,,,,,Comercial,
,,,,,,,,,,,,,,,,,,,,,,,,,,,,,,RH,
,,,,,,,,,,,,,,,,,,,,,,,,,,,,,,Financeiro,
,,,,,,,,,,,,,,,,,,,,,,,,,,,,,,Financeiro,
,,,,,,,,,,,,,,,,,,,,,,,,,,,,,,Marketing,
,,,,,,,,,,,,,,,,,,,,,,,,,,,,,,TI,
,,,,,,,,,,,,,,,,,,,,,,,,,,,,,,Comercial,
,,,,,,,,,,,,,,,,,,,,,,,,,,,,,,Comercial,
,,,,,,,,,,,,,,,,,,,,,,,,,,,,,,RH,
,,,,,,,,,,,,,,,,,,,,,,,,,,,,,,Operações,
,,,,,,,,,,,,,,,,,,,,,,,,,,,,,,Comercial,
,,,,,,,,,,,,,,,,,,,,,,,,,,,,,,Marketing,
,,,,,,,,,,,,,,,,,,,,,,,,,,,,,,Financeiro,
,,,,,,,,,,,,,,,,,,,,,,,,,,,,,,Financeiro,
,,,,,,,,,,,,,,,,,,,,,,,,,,,,,,TI,
,,,,,,,,,,,,,,,,,,,,,,,,,,,,,,RH,
,,,,,,,,,,,,,,,,,,,,,,,,,,,,,,TI,
,,,,,,,,,,,,,,,,,,,,,,,,,,,,,,Comercial,
,,,,,,,,,,,,,,,,,,,,,,,,,,,,,,Operações,
,,,,,,,,,,,,,,,,,,,,,,,,,,,,,,TI,
,,,,,,,,,,,,,,,,,,,,,,,,,,,,,,RH,
,,,,,,,,,,,,,,,,,,,,,,,,,,,,,,Comercial,
,,,,,,,,,,,,,,,,,,,,,,,,,,,,,,Marketing,
,,,,,,,,,,,,,,,,,,,,,,,,,,,,,,Marketing,
,,,,,,,,,,,,,,,,,,,,,,,,,,,,,,RH,
,,,,,,,,,,,,,,,,,,,,,,,,,,,,,,Marketing,
,,,,,,,,,,,,,,,,,,,,,,,,,,,,,,RH,
,,,,,,,,,,,,,,,,,,,,,,,,,,,,,,RH,
,,,,,,,,,,,,,,,,,,,,,,,,,,,,,,TI,
,,,,,,,,,,,,,,,,,,,,,,,,,,,,,,Operações,
,,,,,,,,,,,,,,,,,,,,,,,,,,,,,,Operações,
,,,,,,,,,,,,,,,,,,,,,,,,,,,,,,RH,
,,,,,,,,,,,,,,,,,,,,,,,,,,,,,,Operações,
,,,,,,,,,,,,,,,,,,,,,,,,,,,,,,RH,
,,,,,,,,,,,,,,,,,,,,,,,,,,,,,,Operações,
,,,,,,,,,,,,,,,,,,,,,,,,,,,,,,RH,
,,,,,,,,,,,,,,,,,,,,,,,,,,,,,,Marketing,
,,,,,,,,,,,,,,,,,,,,,,,,,,,,,,Comercial,
,,,,,,,,,,,,,,,,,,,,,,,,,,,,,,Operações,
,,,,,,,,,,,,,,,,,,,,,,,,,,,,,,Comercial,
,,,,,,,,,,,,,,,,,,,,,,,,,,,,,,Marketing,
,,,,,,,,,,,,,,,,,,,,,,,,,,,,,,RH,
,,,,,,,,,,,,,,,,,,,,,,,,,,,,,,Comercial,
,,,,,,,,,,,,,,,,,,,,,,,,,,,,,,TI,
,,,,,,,,,,,,,,,,,,,,,,,,,,,,,,TI,
,,,,,,,,,,,,,,,,,,,,,,,,,,,,,,Operações,
,,,,,,,,,,,,,,,,,,,,,,,,,,,,,,TI,
,,,,,,,,,,,,,,,,,,,,,,,,,,,,,,Financeiro,
,,,,,,,,,,,,,,,,,,,,,,,,,,,,,,RH,
,,,,,,,,,,,,,,,,,,,,,,,,,,,,,,Comercial,
,,,,,,,,,,,,,,,,,,,,,,,,,,,,,,TI,
,,,,,,,,,,,,,,,,,,,,,,,,,,,,,,Comercial,
,,,,,,,,,,,,,,,,,,,,,,,,,,,,,,TI,
,,,,,,,,,,,,,,,,,,,,,,,,,,,,,,Comercial,
,,,,,,,,,,,,,,,,,,,,,,,,,,,,,,Operações,
,,,,,,,,,,,,,,,,,,,,,,,,,,,,,,Operações,
,,,,,,,,,,,,,,,,,,,,,,,,,,,,,,Financeiro,
,,,,,,,,,,,,,,,,,,,,,,,,,,,,,,Operações,
,,,,,,,,,,,,,,,,,,,,,,,,,,,,,,Operações,
,,,,,,,,,,,,,,,,,,,,,,,,,,,,,,Comercial,
,,,,,,,,,,,,,,,,,,,,,,,,,,,,,,Comercial,
,,,,,,,,,,,,,,,,,,,,,,,,,,,,,,Financeiro,
,,,,,,,,,,,,,,,,,,,,,,,,,,,,,,Comercial,
,,,,,,,,,,,,,,,,,,,,,,,,,,,,,,RH,
,,,,,,,,,,,,,,,,,,,,,,,,,,,,,,Marketing,
,,,,,,,,,,,,,,,,,,,,,,,,,,,,,,TI,
,,,,,,,,,,,,,,,,,,,,,,,,,,,,,,Operações,
,,,,,,,,,,,,,,,,,,,,,,,,,,,,,,Operações,
,,,,,,,,,,,,,,,,,,,,,,,,,,,,,,Comercial,
,,,,,,,,,,,,,,,,,,,,,,,,,,,,,,TI,
,,,,,,,,,,,,,,,,,,,,,,,,,,,,,,TI,
,,,,,,,,,,,,,,,,,,,,,,,,,,,,,,Financeiro,
,,,,,,,,,,,,,,,,,,,,,,,,,,,,,,Comercial,
,,,,,,,,,,,,,,,,,,,,,,,,,,,,,,RH,
,,,,,,,,,,,,,,,,,,,,,,,,,,,,,,RH,
,,,,,,,,,,,,,,,,,,,,,,,,,,,,,,Marketing,
,,,,,,,,,,,,,,,,,,,,,,,,,,,,,,Financeiro,
,,,,,,,,,,,,,,,,,,,,,,,,,,,,,,Comercial,
,,,,,,,,,,,,,,,,,,,,,,,,,,,,,,Operações,
,,,,,,,,,,,,,,,,,,,,,,,,,,,,,,Marketing,
,,,,,,,,,,,,,,,,,,,,,,,,,,,,,,Operações,
,,,,,,,,,,,,,,,,,,,,,,,,,,,,,,TI,
,,,,,,,,,,,,,,,,,,,,,,,,,,,,,,TI,
,,,,,,,,,,,,,,,,,,,,,,,,,,,,,,RH,
,,,,,,,,,,,,,,,,,,,,,,,,,,,,,,Comercial,
,,,,,,,,,,,,,,,,,,,,,,,,,,,,,,Comercial,
,,,,,,,,,,,,,,,,,,,,,,,,,,,,,,Marketing,
,,,,,,,,,,,,,,,,,,,,,,,,,,,,,,RH,
,,,,,,,,,,,,,,,,,,,,,,,,,,,,,,Comercial,
,,,,,,,,,,,,,,,,,,,,,,,,,,,,,,Operações,
,,,,,,,,,,,,,,,,,,,,,,,,,,,,,,RH,
,,,,,,,,,,,,,,,,,,,,,,,,,,,,,,Marketing,
,,,,,,,,,,,,,,,,,,,,,,,,,,,,,,Operações,
,,,,,,,,,,,,,,,,,,,,,,,,,,,,,,Financeiro,
,,,,,,,,,,,,,,,,,,,,,,,,,,,,,,RH,
,,,,,,,,,,,,,,,,,,,,,,,,,,,,,,TI,
,,,,,,,,,,,,,,,,,,,,,,,,,,,,,,Comercial,
,,,,,,,,,,,,,,,,,,,,,,,,,,,,,,Comercial,
,,,,,,,,,,,,,,,,,,,,,,,,,,,,,,Marketing,
,,,,,,,,,,,,,,,,,,,,,,,,,,,,,,Marketing,
,,,,,,,,,,,,,,,,,,,,,,,,,,,,,,Comercial,
,,,,,,,,,,,,,,,,,,,,,,,,,,,,,,RH,
,,,,,,,,,,,,,,,,,,,,,,,,,,,,,,RH,
,,,,,,,,,,,,,,,,,,,,,,,,,,,,,,Marketing,
,,,,,,,,,,,,,,,,,,,,,,,,,,,,,,Financeiro,
,,,,,,,,,,,,,,,,,,,,,,,,,,,,,,Financeiro,
,,,,,,,,,,,,,,,,,,,,,,,,,,,,,,Marketing,
,,,,,,,,,,,,,,,,,,,,,,,,,,,,,,Operações,
,,,,,,,,,,,,,,,,,,,,,,,,,,,,,,Financeiro,
,,,,,,,,,,,,,,,,,,,,,,,,,,,,,,Financeiro,
,,,,,,,,,,,,,,,,,,,,,,,,,,,,,,RH,
,,,,,,,,,,,,,,,,,,,,,,,,,,,,,,RH,
,,,,,,,,,,,,,,,,,,,,,,,,,,,,,,RH,
,,,,,,,,,,,,,,,,,,,,,,,,,,,,,,Financeiro,
,,,,,,,,,,,,,,,,,,,,,,,,,,,,,,Financeiro,
,,,,,,,,,,,,,,,,,,,,,,,,,,,,,,RH,
,,,,,,,,,,,,,,,,,,,,,,,,,,,,,,Marketing,
,,,,,,,,,,,,,,,,,,,,,,,,,,,,,,Financeiro,
,,,,,,,,,,,,,,,,,,,,,,,,,,,,,,Financeiro,
,,,,,,,,,,,,,,,,,,,,,,,,,,,,,,Marketing,
,,,,,,,,,,,,,,,,,,,,,,,,,,,,,,Operações,
,,,,,,,,,,,,,,,,,,,,,,,,,,,,,,RH,
,,,,,,,,,,,,,,,,,,,,,,,,,,,,,,Financeiro,
,,,,,,,,,,,,,,,,,,,,,,,,,,,,,,Comercial,
,,,,,,,,,,,,,,,,,,,,,,,,,,,,,,TI,
,,,,,,,,,,,,,,,,,,,,,,,,,,,,,,Marketing,
,,,,,,,,,,,,,,,,,,,,,,,,,,,,,,Operações,
,,,,,,,,,,,,,,,,,,,,,,,,,,,,,,Financeiro,
,,,,,,,,,,,,,,,,,,,,,,,,,,,,,,Marketing,
,,,,,,,,,,,,,,,,,,,,,,,,,,,,,,Marketing,
,,,,,,,,,,,,,,,,,,,,,,,,,,,,,,RH,
,,,,,,,,,,,,,,,,,,,,,,,,,,,,,,RH,
,,,,,,,,,,,,,,,,,,,,,,,,,,,,,,Financeiro,
,,,,,,,,,,,,,,,,,,,,,,,,,,,,,,TI,
,,,,,,,,,,,,,,,,,,,,,,,,,,,,,,Marketing,
,,,,,,,,,,,,,,,,,,,,,,,,,,,,,,TI,
,,,,,,,,,,,,,,,,,,,,,,,,,,,,,,TI,
,,,,,,,,,,,,,,,,,,,,,,,,,,,,,,RH,
,,,,,,,,,,,,,,,,,,,,,,,,,,,,,,Financeiro,
,,,,,,,,,,,,,,,,,,,,,,,,,,,,,,Marketing,
,,,,,,,,,,,,,,,,,,,,,,,,,,,,,,TI,
,,,,,,,,,,,,,,,,,,,,,,,,,,,,,,Marketing,
,,,,,,,,,,,,,,,,,,,,,,,,,,,,,,Operações,
,,,,,,,,,,,,,,,,,,,,,,,,,,,,,,Financeiro,
,,,,,,,,,,,,,,,,,,,,,,,,,,,,,,Marketing,
,,,,,,,,,,,,,,,,,,,,,,,,,,,,,,Operações,
,,,,,,,,,,,,,,,,,,,,,,,,,,,,,,Financeiro,
,,,,,,,,,,,,,,,,,,,,,,,,,,,,,,TI,
,,,,,,,,,,,,,,,,,,,,,,,,,,,,,,Marketing,
,,,,,,,,,,,,,,,,,,,,,,,,,,,,,,Operações,
,,,,,,,,,,,,,,,,,,,,,,,,,,,,,,RH,
,,,,,,,,,,,,,,,,,,,,,,,,,,,,,,Comercial,
,,,,,,,,,,,,,,,,,,,,,,,,,,,,,,RH,
,,,,,,,,,,,,,,,,,,,,,,,,,,,,,,Financeiro,
,,,,,,,,,,,,,,,,,,,,,,,,,,,,,,Comercial,
,,,,,,,,,,,,,,,,,,,,,,,,,,,,,,RH,
,,,,,,,,,,,,,,,,,,,,,,,,,,,,,,Comercial,
,,,,,,,,,,,,,,,,,,,,,,,,,,,,,,Financeiro,
,,,,,,,,,,,,,,,,,,,,,,,,,,,,,,RH,
,,,,,,,,,,,,,,,,,,,,,,,,,,,,,,Comercial,
,,,,,,,,,,,,,,,,,,,,,,,,,,,,,,Marketing,
,,,,,,,,,,,,,,,,,,,,,,,,,,,,,,TI,
,,,,,,,,,,,,,,,,,,,,,,,,,,,,,,Financeiro,
,,,,,,,,,,,,,,,,,,,,,,,,,,,,,,Comercial,
,,,,,,,,,,,,,,,,,,,,,,,,,,,,,,Financeiro,
,,,,,,,,,,,,,,,,,,,,,,,,,,,,,,Financeiro,
,,,,,,,,,,,,,,,,,,,,,,,,,,,,,,TI,
,,,,,,,,,,,,,,,,,,,,,,,,,,,,,,TI,
,,,,,,,,,,,,,,,,,,,,,,,,,,,,,,TI,
,,,,,,,,,,,,,,,,,,,,,,,,,,,,,,Operações,
,,,,,,,,,,,,,,,,,,,,,,,,,,,,,,Operações,
,,,,,,,,,,,,,,,,,,,,,,,,,,,,,,Comercial,
,,,,,,,,,,,,,,,,,,,,,,,,,,,,,,RH,
,,,,,,,,,,,,,,,,,,,,,,,,,,,,,,Comercial,
,,,,,,,,,,,,,,,,,,,,,,,,,,,,,,TI,
,,,,,,,,,,,,,,,,,,,,,,,,,,,,,,Comercial,
,,,,,,,,,,,,,,,,,,,,,,,,,,,,,,Comercial,
,,,,,,,,,,,,,,,,,,,,,,,,,,,,,,RH,
,,,,,,,,,,,,,,,,,,,,,,,,,,,,,,Comercial,
,,,,,,,,,,,,,,,,,,,,,,,,,,,,,,Marketing,
,,,,,,,,,,,,,,,,,,,,,,,,,,,,,,RH,
,,,,,,,,,,,,,,,,,,,,,,,,,,,,,,RH,
,,,,,,,,,,,,,,,,,,,,,,,,,,,,,,Marketing,
,,,,,,,,,,,,,,,,,,,,,,,,,,,,,,Operações,
,,,,,,,,,,,,,,,,,,,,,,,,,,,,,,Marketing,
,,,,,,,,,,,,,,,,,,,,,,,,,,,,,,Financeiro,
,,,,,,,,,,,,,,,,,,,,,,,,,,,,,,Financeiro,
,,,,,,,,,,,,,,,,,,,,,,,,,,,,,,TI,
,,,,,,,,,,,,,,,,,,,,,,,,,,,,,,RH,
,,,,,,,,,,,,,,,,,,,,,,,,,,,,,,TI,
,,,,,,,,,,,,,,,,,,,,,,,,,,,,,,Financeiro,
,,,,,,,,,,,,,,,,,,,,,,,,,,,,,,TI,
,,,,,,,,,,,,,,,,,,,,,,,,,,,,,,Operações,
,,,,,,,,,,,,,,,,,,,,,,,,,,,,,,Marketing,
,,,,,,,,,,,,,,,,,,,,,,,,,,,,,,RH,
,,,,,,,,,,,,,,,,,,,,,,,,,,,,,,Operações,
,,,,,,,,,,,,,,,,,,,,,,,,,,,,,,Operações,
,,,,,,,,,,,,,,,,,,,,,,,,,,,,,,RH,
,,,,,,,,,,,,,,,,,,,,,,,,,,,,,,Marketing,
,,,,,,,,,,,,,,,,,,,,,,,,,,,,,,TI,
,,,,,,,,,,,,,,,,,,,,,,,,,,,,,,TI,
,,,,,,,,,,,,,,,,,,,,,,,,,,,,,,Comercial,
,,,,,,,,,,,,,,,,,,,,,,,,,,,,,,TI,
,,,,,,,,,,,,,,,,,,,,,,,,,,,,,,Operações,
,,,,,,,,,,,,,,,,,,,,,,,,,,,,,,Financeiro,
,,,,,,,,,,,,,,,,,,,,,,,,,,,,,,Financeiro,
,,,,,,,,,,,,,,,,,,,,,,,,,,,,,,Marketing,
,,,,,,,,,,,,,,,,,,,,,,,,,,,,,,Financeiro,
,,,,,,,,,,,,,,,,,,,,,,,,,,,,,,RH,
,,,,,,,,,,,,,,,,,,,,,,,,,,,,,,Operações,
,,,,,,,,,,,,,,,,,,,,,,,,,,,,,,Financeiro,
,,,,,,,,,,,,,,,,,,,,,,,,,,,,,,Financeiro,
,,,,,,,,,,,,,,,,,,,,,,,,,,,,,,RH,
,,,,,,,,,,,,,,,,,,,,,,,,,,,,,,Marketing,
,,,,,,,,,,,,,,,,,,,,,,,,,,,,,,TI,
,,,,,,,,,,,,,,,,,,,,,,,,,,,,,,Comercial,
,,,,,,,,,,,,,,,,,,,,,,,,,,,,,,Comercial,
,,,,,,,,,,,,,,,,,,,,,,,,,,,,,,RH,
,,,,,,,,,,,,,,,,,,,,,,,,,,,,,,Financeiro,
,,,,,,,,,,,,,,,,,,,,,,,,,,,,,,Comercial,
,,,,,,,,,,,,,,,,,,,,,,,,,,,,,,Comercial,
,,,,,,,,,,,,,,,,,,,,,,,,,,,,,,Financeiro,
,,,,,,,,,,,,,,,,,,,,,,,,,,,,,,Marketing,
,,,,,,,,,,,,,,,,,,,,,,,,,,,,,,Financeiro,
,,,,,,,,,,,,,,,,,,,,,,,,,,,,,,Marketing,
,,,,,,,,,,,,,,,,,,,,,,,,,,,,,,RH,
,,,,,,,,,,,,,,,,,,,,,,,,,,,,,,RH,
,,,,,,,,,,,,,,,,,,,,,,,,,,,,,,Financeiro,
,,,,,,,,,,,,,,,,,,,,,,,,,,,,,,TI,
,,,,,,,,,,,,,,,,,,,,,,,,,,,,,,Comercial,
,,,,,,,,,,,,,,,,,,,,,,,,,,,,,,TI,
,,,,,,,,,,,,,,,,,,,,,,,,,,,,,,RH,
,,,,,,,,,,,,,,,,,,,,,,,,,,,,,,TI,
,,,,,,,,,,,,,,,,,,,,,,,,,,,,,,RH,
,,,,,,,,,,,,,,,,,,,,,,,,,,,,,,Operações,
,,,,,,,,,,,,,,,,,,,,,,,,,,,,,,Operações,
,,,,,,,,,,,,,,,,,,,,,,,,,,,,,,Financeiro,
,,,,,,,,,,,,,,,,,,,,,,,,,,,,,,Comercial,
,,,,,,,,,,,,,,,,,,,,,,,,,,,,,,RH,
,,,,,,,,,,,,,,,,,,,,,,,,,,,,,,Comercial,
,,,,,,,,,,,,,,,,,,,,,,,,,,,,,,Comercial,
,,,,,,,,,,,,,,,,,,,,,,,,,,,,,,Comercial,
,,,,,,,,,,,,,,,,,,,,,,,,,,,,,,RH,
,,,,,,,,,,,,,,,,,,,,,,,,,,,,,,Marketing,
,,,,,,,,,,,,,,,,,,,,,,,,,,,,,,TI,
,,,,,,,,,,,,,,,,,,,,,,,,,,,,,,TI,
,,,,,,,,,,,,,,,,,,,,,,,,,,,,,,Financeiro,
,,,,,,,,,,,,,,,,,,,,,,,,,,,,,,RH,
,,,,,,,,,,,,,,,,,,,,,,,,,,,,,,Marketing,
,,,,,,,,,,,,,,,,,,,,,,,,,,,,,,TI,
,,,,,,,,,,,,,,,,,,,,,,,,,,,,,,RH,
,,,,,,,,,,,,,,,,,,,,,,,,,,,,,,Operações,
,,,,,,,,,,,,,,,,,,,,,,,,,,,,,,Financeiro,
,,,,,,,,,,,,,,,,,,,,,,,,,,,,,,Comercial,
,,,,,,,,,,,,,,,,,,,,,,,,,,,,,,TI,
,,,,,,,,,,,,,,,,,,,,,,,,,,,,,,Financeiro,
,,,,,,,,,,,,,,,,,,,,,,,,,,,,,,Comercial,
,,,,,,,,,,,,,,,,,,,,,,,,,,,,,,TI,
,,,,,,,,,,,,,,,,,,,,,,,,,,,,,,TI,
,,,,,,,,,,,,,,,,,,,,,,,,,,,,,,Operações,
,,,,,,,,,,,,,,,,,,,,,,,,,,,,,,Financeiro,
,,,,,,,,,,,,,,,,,,,,,,,,,,,,,,Financeiro,
,,,,,,,,,,,,,,,,,,,,,,,,,,,,,,Financeiro,
,,,,,,,,,,,,,,,,,,,,,,,,,,,,,,RH,
,,,,,,,,,,,,,,,,,,,,,,,,,,,,,,Financeiro,
,,,,,,,,,,,,,,,,,,,,,,,,,,,,,,Operações,
,,,,,,,,,,,,,,,,,,,,,,,,,,,,,,Marketing,
,,,,,,,,,,,,,,,,,,,,,,,,,,,,,,Operações,
,,,,,,,,,,,,,,,,,,,,,,,,,,,,,,RH,
,,,,,,,,,,,,,,,,,,,,,,,,,,,,,,Comercial,
,,,,,,,,,,,,,,,,,,,,,,,,,,,,,,Financeiro,
,,,,,,,,,,,,,,,,,,,,,,,,,,,,,,TI,
,,,,,,,,,,,,,,,,,,,,,,,,,,,,,,Comercial,
,,,,,,,,,,,,,,,,,,,,,,,,,,,,,,Marketing,
,,,,,,,,,,,,,,,,,,,,,,,,,,,,,,TI,
,,,,,,,,,,,,,,,,,,,,,,,,,,,,,,Comercial,
,,,,,,,,,,,,,,,,,,,,,,,,,,,,,,Comercial,
,,,,,,,,,,,,,,,,,,,,,,,,,,,,,,TI,
,,,,,,,,,,,,,,,,,,,,,,,,,,,,,,Marketing,
,,,,,,,,,,,,,,,,,,,,,,,,,,,,,,TI,
,,,,,,,,,,,,,,,,,,,,,,,,,,,,,,Operações,
,,,,,,,,,,,,,,,,,,,,,,,,,,,,,,Operações,
,,,,,,,,,,,,,,,,,,,,,,,,,,,,,,RH,
,,,,,,,,,,,,,,,,,,,,,,,,,,,,,,Comercial,
,,,,,,,,,,,,,,,,,,,,,,,,,,,,,,Financeiro,
,,,,,,,,,,,,,,,,,,,,,,,,,,,,,,Comercial,
,,,,,,,,,,,,,,,,,,,,,,,,,,,,,,Financeiro,
,,,,,,,,,,,,,,,,,,,,,,,,,,,,,,Financeiro,
,,,,,,,,,,,,,,,,,,,,,,,,,,,,,,TI,
,,,,,,,,,,,,,,,,,,,,,,,,,,,,,,Marketing,
,,,,,,,,,,,,,,,,,,,,,,,,,,,,,,Operações,
,,,,,,,,,,,,,,,,,,,,,,,,,,,,,,TI,
,,,,,,,,,,,,,,,,,,,,,,,,,,,,,,Comercial,
,,,,,,,,,,,,,,,,,,,,,,,,,,,,,,RH,
,,,,,,,,,,,,,,,,,,,,,,,,,,,,,,Comercial,
,,,,,,,,,,,,,,,,,,,,,,,,,,,,,,TI,
,,,,,,,,,,,,,,,,,,,,,,,,,,,,,,TI,
,,,,,,,,,,,,,,,,,,,,,,,,,,,,,,RH,
,,,,,,,,,,,,,,,,,,,,,,,,,,,,,,Comercial,
,,,,,,,,,,,,,,,,,,,,,,,,,,,,,,Marketing,
,,,,,,,,,,,,,,,,,,,,,,,,,,,,,,RH,
,,,,,,,,,,,,,,,,,,,,,,,,,,,,,,Financeiro,
,,,,,,,,,,,,,,,,,,,,,,,,,,,,,,Comercial,
,,,,,,,,,,,,,,,,,,,,,,,,,,,,,,Operações,
,,,,,,,,,,,,,,,,,,,,,,,,,,,,,,TI,
,,,,,,,,,,,,,,,,,,,,,,,,,,,,,,RH,
,,,,,,,,,,,,,,,,,,,,,,,,,,,,,,Operações,
,,,,,,,,,,,,,,,,,,,,,,,,,,,,,,Operações,
,,,,,,,,,,,,,,,,,,,,,,,,,,,,,,Comercial,
,,,,,,,,,,,,,,,,,,,,,,,,,,,,,,Operações,
,,,,,,,,,,,,,,,,,,,,,,,,,,,,,,Operações,
,,,,,,,,,,,,,,,,,,,,,,,,,,,,,,Operações,
,,,,,,,,,,,,,,,,,,,,,,,,,,,,,,Financeiro,
,,,,,,,,,,,,,,,,,,,,,,,,,,,,,,TI,
,,,,,,,,,,,,,,,,,,,,,,,,,,,,,,Comercial,
,,,,,,,,,,,,,,,,,,,,,,,,,,,,,,Comercial,
,,,,,,,,,,,,,,,,,,,,,,,,,,,,,,Marketing,
,,,,,,,,,,,,,,,,,,,,,,,,,,,,,,Financeiro,
,,,,,,,,,,,,,,,,,,,,,,,,,,,,,,TI,
,,,,,,,,,,,,,,,,,,,,,,,,,,,,,,TI,
,,,,,,,,,,,,,,,,,,,,,,,,,,,,,,RH,
,,,,,,,,,,,,,,,,,,,,,,,,,,,,,,Financeiro,
,,,,,,,,,,,,,,,,,,,,,,,,,,,,,,TI,
,,,,,,,,,,,,,,,,,,,,,,,,,,,,,,Comercial,
,,,,,,,,,,,,,,,,,,,,,,,,,,,,,,Operações,
,,,,,,,,,,,,,,,,,,,,,,,,,,,,,,Financeiro,
,,,,,,,,,,,,,,,,,,,,,,,,,,,,,,Comercial,
,,,,,,,,,,,,,,,,,,,,,,,,,,,,,,Financeiro,
,,,,,,,,,,,,,,,,,,,,,,,,,,,,,,RH,
,,,,,,,,,,,,,,,,,,,,,,,,,,,,,,Operações,
,,,,,,,,,,,,,,,,,,,,,,,,,,,,,,RH,
,,,,,,,,,,,,,,,,,,,,,,,,,,,,,,Operações,
,,,,,,,,,,,,,,,,,,,,,,,,,,,,,,TI,
,,,,,,,,,,,,,,,,,,,,,,,,,,,,,,Comercial,
,,,,,,,,,,,,,,,,,,,,,,,,,,,,,,TI,
,,,,,,,,,,,,,,,,,,,,,,,,,,,,,,Operações,
,,,,,,,,,,,,,,,,,,,,,,,,,,,,,,RH,
,,,,,,,,,,,,,,,,,,,,,,,,,,,,,,Comercial,
,,,,,,,,,,,,,,,,,,,,,,,,,,,,,,RH,
,,,,,,,,,,,,,,,,,,,,,,,,,,,,,,Operações,
,,,,,,,,,,,,,,,,,,,,,,,,,,,,,,Marketing,
,,,,,,,,,,,,,,,,,,,,,,,,,,,,,,Financeiro,
,,,,,,,,,,,,,,,,,,,,,,,,,,,,,,Operações,
,,,,,,,,,,,,,,,,,,,,,,,,,,,,,,Marketing,
,,,,,,,,,,,,,,,,,,,,,,,,,,,,,,Financeiro,
,,,,,,,,,,,,,,,,,,,,,,,,,,,,,,Financeiro,
,,,,,,,,,,,,,,,,,,,,,,,,,,,,,,Marketing,
,,,,,,,,,,,,,,,,,,,,,,,,,,,,,,TI,
,,,,,,,,,,,,,,,,,,,,,,,,,,,,,,Marketing,
,,,,,,,,,,,,,,,,,,,,,,,,,,,,,,Marketing,
,,,,,,,,,,,,,,,,,,,,,,,,,,,,,,Comercial,
,,,,,,,,,,,,,,,,,,,,,,,,,,,,,,TI,
,,,,,,,,,,,,,,,,,,,,,,,,,,,,,,Comercial,
,,,,,,,,,,,,,,,,,,,,,,,,,,,,,,Marketing,
,,,,,,,,,,,,,,,,,,,,,,,,,,,,,,Comercial,
,,,,,,,,,,,,,,,,,,,,,,,,,,,,,,Marketing,
,,,,,,,,,,,,,,,,,,,,,,,,,,,,,,Comercial,
,,,,,,,,,,,,,,,,,,,,,,,,,,,,,,Marketing,
,,,,,,,,,,,,,,,,,,,,,,,,,,,,,,Operações,
,,,,,,,,,,,,,,,,,,,,,,,,,,,,,,Marketing,
,,,,,,,,,,,,,,,,,,,,,,,,,,,,,,Financeiro,
,,,,,,,,,,,,,,,,,,,,,,,,,,,,,,TI,
,,,,,,,,,,,,,,,,,,,,,,,,,,,,,,Marketing,
,,,,,,,,,,,,,,,,,,,,,,,,,,,,,,TI,
,,,,,,,,,,,,,,,,,,,,,,,,,,,,,,Comercial,
,,,,,,,,,,,,,,,,,,,,,,,,,,,,,,TI,
,,,,,,,,,,,,,,,,,,,,,,,,,,,,,,Comercial,
,,,,,,,,,,,,,,,,,,,,,,,,,,,,,,Financeiro,
,,,,,,,,,,,,,,,,,,,,,,,,,,,,,,TI,
,,,,,,,,,,,,,,,,,,,,,,,,,,,,,,Operações,
,,,,,,,,,,,,,,,,,,,,,,,,,,,,,,Financeiro,
,,,,,,,,,,,,,,,,,,,,,,,,,,,,,,Comercial,
,,,,,,,,,,,,,,,,,,,,,,,,,,,,,,Operações,
,,,,,,,,,,,,,,,,,,,,,,,,,,,,,,Marketing,
,,,,,,,,,,,,,,,,,,,,,,,,,,,,,,TI,
,,,,,,,,,,,,,,,,,,,,,,,,,,,,,,Financeiro,
,,,,,,,,,,,,,,,,,,,,,,,,,,,,,,TI,
,,,,,,,,,,,,,,,,,,,,,,,,,,,,,,TI,
,,,,,,,,,,,,,,,,,,,,,,,,,,,,,,RH,
,,,,,,,,,,,,,,,,,,,,,,,,,,,,,,Financeiro,
,,,,,,,,,,,,,,,,,,,,,,,,,,,,,,Marketing,
,,,,,,,,,,,,,,,,,,,,,,,,,,,,,,Operações,
,,,,,,,,,,,,,,,,,,,,,,,,,,,,,,Comercial,
,,,,,,,,,,,,,,,,,,,,,,,,,,,,,,RH,
,,,,,,,,,,,,,,,,,,,,,,,,,,,,,,RH,
,,,,,,,,,,,,,,,,,,,,,,,,,,,,,,Operações,
,,,,,,,,,,,,,,,,,,,,,,,,,,,,,,RH,
,,,,,,,,,,,,,,,,,,,,,,,,,,,,,,TI,
,,,,,,,,,,,,,,,,,,,,,,,,,,,,,,TI,
,,,,,,,,,,,,,,,,,,,,,,,,,,,,,,Comercial,
,,,,,,,,,,,,,,,,,,,,,,,,,,,,,,Operações,
,,,,,,,,,,,,,,,,,,,,,,,,,,,,,,Financeiro,
,,,,,,,,,,,,,,,,,,,,,,,,,,,,,,TI,
,,,,,,,,,,,,,,,,,,,,,,,,,,,,,,RH,
,,,,,,,,,,,,,,,,,,,,,,,,,,,,,,TI,
,,,,,,,,,,,,,,,,,,,,,,,,,,,,,,RH,
,,,,,,,,,,,,,,,,,,,,,,,,,,,,,,Financeiro,
,,,,,,,,,,,,,,,,,,,,,,,,,,,,,,RH,
,,,,,,,,,,,,,,,,,,,,,,,,,,,,,,Financeiro,
,,,,,,,,,,,,,,,,,,,,,,,,,,,,,,Operações,
,,,,,,,,,,,,,,,,,,,,,,,,,,,,,,Comercial,
,,,,,,,,,,,,,,,,,,,,,,,,,,,,,,RH,
,,,,,,,,,,,,,,,,,,,,,,,,,,,,,,Operações,
,,,,,,,,,,,,,,,,,,,,,,,,,,,,,,TI,
,,,,,,,,,,,,,,,,,,,,,,,,,,,,,,RH,
,,,,,,,,,,,,,,,,,,,,,,,,,,,,,,RH,
,,,,,,,,,,,,,,,,,,,,,,,,,,,,,,Operações,
,,,,,,,,,,,,,,,,,,,,,,,,,,,,,,Operações,
,,,,,,,,,,,,,,,,,,,,,,,,,,,,,,RH,
,,,,,,,,,,,,,,,,,,,,,,,,,,,,,,Marketing,
,,,,,,,,,,,,,,,,,,,,,,,,,,,,,,Marketing,
,,,,,,,,,,,,,,,,,,,,,,,,,,,,,,Comercial,
,,,,,,,,,,,,,,,,,,,,,,,,,,,,,,Comercial,
,,,,,,,,,,,,,,,,,,,,,,,,,,,,,,TI,
,,,,,,,,,,,,,,,,,,,,,,,,,,,,,,Operações,
,,,,,,,,,,,,,,,,,,,,,,,,,,,,,,Marketing,
,,,,,,,,,,,,,,,,,,,,,,,,,,,,,,Financeiro,
,,,,,,,,,,,,,,,,,,,,,,,,,,,,,,Comercial,
,,,,,,,,,,,,,,,,,,,,,,,,,,,,,,Comercial,
,,,,,,,,,,,,,,,,,,,,,,,,,,,,,,Financeiro,
,,,,,,,,,,,,,,,,,,,,,,,,,,,,,,Marketing,
,,,,,,,,,,,,,,,,,,,,,,,,,,,,,,TI,
,,,,,,,,,,,,,,,,,,,,,,,,,,,,,,TI,
,,,,,,,,,,,,,,,,,,,,,,,,,,,,,,Financeiro,
,,,,,,,,,,,,,,,,,,,,,,,,,,,,,,Marketing,
,,,,,,,,,,,,,,,,,,,,,,,,,,,,,,Financeiro,
,,,,,,,,,,,,,,,,,,,,,,,,,,,,,,Financeiro,
,,,,,,,,,,,,,,,,,,,,,,,,,,,,,,Operações,
,,,,,,,,,,,,,,,,,,,,,,,,,,,,,,RH,
,,,,,,,,,,,,,,,,,,,,,,,,,,,,,,Comercial,
,,,,,,,,,,,,,,,,,,,,,,,,,,,,,,TI,
,,,,,,,,,,,,,,,,,,,,,,,,,,,,,,TI,
,,,,,,,,,,,,,,,,,,,,,,,,,,,,,,TI,
,,,,,,,,,,,,,,,,,,,,,,,,,,,,,,Comercial,
,,,,,,,,,,,,,,,,,,,,,,,,,,,,,,Comercial,
,,,,,,,,,,,,,,,,,,,,,,,,,,,,,,Operações,
,,,,,,,,,,,,,,,,,,,,,,,,,,,,,,Comercial,
,,,,,,,,,,,,,,,,,,,,,,,,,,,,,,Financeiro,
,,,,,,,,,,,,,,,,,,,,,,,,,,,,,,Operações,
,,,,,,,,,,,,,,,,,,,,,,,,,,,,,,TI,
,,,,,,,,,,,,,,,,,,,,,,,,,,,,,,Marketing,
,,,,,,,,,,,,,,,,,,,,,,,,,,,,,,RH,
,,,,,,,,,,,,,,,,,,,,,,,,,,,,,,Operações,
,,,,,,,,,,,,,,,,,,,,,,,,,,,,,,RH,
,,,,,,,,,,,,,,,,,,,,,,,,,,,,,,Financeiro,
,,,,,,,,,,,,,,,,,,,,,,,,,,,,,,RH,
,,,,,,,,,,,,,,,,,,,,,,,,,,,,,,Operações,
,,,,,,,,,,,,,,,,,,,,,,,,,,,,,,Marketing,
,,,,,,,,,,,,,,,,,,,,,,,,,,,,,,Operações,
,,,,,,,,,,,,,,,,,,,,,,,,,,,,,,Operações,
,,,,,,,,,,,,,,,,,,,,,,,,,,,,,,Operações,
,,,,,,,,,,,,,,,,,,,,,,,,,,,,,,TI,
,,,,,,,,,,,,,,,,,,,,,,,,,,,,,,Marketing,
,,,,,,,,,,,,,,,,,,,,,,,,,,,,,,Marketing,
,,,,,,,,,,,,,,,,,,,,,,,,,,,,,,Marketing,
,,,,,,,,,,,,,,,,,,,,,,,,,,,,,,Operações,
,,,,,,,,,,,,,,,,,,,,,,,,,,,,,,Marketing,
,,,,,,,,,,,,,,,,,,,,,,,,,,,,,,Comercial,
,,,,,,,,,,,,,,,,,,,,,,,,,,,,,,Operações,
,,,,,,,,,,,,,,,,,,,,,,,,,,,,,,RH,
,,,,,,,,,,,,,,,,,,,,,,,,,,,,,,RH,
,,,,,,,,,,,,,,,,,,,,,,,,,,,,,,RH,
,,,,,,,,,,,,,,,,,,,,,,,,,,,,,,Financeiro,
,,,,,,,,,,,,,,,,,,,,,,,,,,,,,,Comercial,
,,,,,,,,,,,,,,,,,,,,,,,,,,,,,,RH,
,,,,,,,,,,,,,,,,,,,,,,,,,,,,,,TI,
,,,,,,,,,,,,,,,,,,,,,,,,,,,,,,Comercial,
,,,,,,,,,,,,,,,,,,,,,,,,,,,,,,TI,
,,,,,,,,,,,,,,,,,,,,,,,,,,,,,,RH,
,,,,,,,,,,,,,,,,,,,,,,,,,,,,,,Marketing,
,,,,,,,,,,,,,,,,,,,,,,,,,,,,,,Operações,
,,,,,,,,,,,,,,,,,,,,,,,,,,,,,,TI,
,,,,,,,,,,,,,,,,,,,,,,,,,,,,,,Operações,
,,,,,,,,,,,,,,,,,,,,,,,,,,,,,,Comercial,
,,,,,,,,,,,,,,,,,,,,,,,,,,,,,,TI,
,,,,,,,,,,,,,,,,,,,,,,,,,,,,,,Comercial,
,,,,,,,,,,,,,,,,,,,,,,,,,,,,,,RH,
,,,,,,,,,,,,,,,,,,,,,,,,,,,,,,RH,
,,,,,,,,,,,,,,,,,,,,,,,,,,,,,,RH,
,,,,,,,,,,,,,,,,,,,,,,,,,,,,,,Operações,
,,,,,,,,,,,,,,,,,,,,,,,,,,,,,,Financeiro,
,,,,,,,,,,,,,,,,,,,,,,,,,,,,,,TI,
,,,,,,,,,,,,,,,,,,,,,,,,,,,,,,TI,
,,,,,,,,,,,,,,,,,,,,,,,,,,,,,,TI,
,,,,,,,,,,,,,,,,,,,,,,,,,,,,,,Comercial,
,,,,,,,,,,,,,,,,,,,,,,,,,,,,,,TI,
,,,,,,,,,,,,,,,,,,,,,,,,,,,,,,Operações,
,,,,,,,,,,,,,,,,,,,,,,,,,,,,,,TI,
,,,,,,,,,,,,,,,,,,,,,,,,,,,,,,Operações,
,,,,,,,,,,,,,,,,,,,,,,,,,,,,,,RH,
,,,,,,,,,,,,,,,,,,,,,,,,,,,,,,Financeiro,
,,,,,,,,,,,,,,,,,,,,,,,,,,,,,,TI,
,,,,,,,,,,,,,,,,,,,,,,,,,,,,,,Financeiro,
,,,,,,,,,,,,,,,,,,,,,,,,,,,,,,Marketing,
,,,,,,,,,,,,,,,,,,,,,,,,,,,,,,TI,
,,,,,,,,,,,,,,,,,,,,,,,,,,,,,,RH,
,,,,,,,,,,,,,,,,,,,,,,,,,,,,,,Comercial,
,,,,,,,,,,,,,,,,,,,,,,,,,,,,,,Operações,
,,,,,,,,,,,,,,,,,,,,,,,,,,,,,,Financeiro,
,,,,,,,,,,,,,,,,,,,,,,,,,,,,,,RH,
,,,,,,,,,,,,,,,,,,,,,,,,,,,,,,Comercial,
,,,,,,,,,,,,,,,,,,,,,,,,,,,,,,TI,
,,,,,,,,,,,,,,,,,,,,,,,,,,,,,,TI,
,,,,,,,,,,,,,,,,,,,,,,,,,,,,,,RH,
,,,,,,,,,,,,,,,,,,,,,,,,,,,,,,Comercial,
,,,,,,,,,,,,,,,,,,,,,,,,,,,,,,RH,
,,,,,,,,,,,,,,,,,,,,,,,,,,,,,,Marketing,
,,,,,,,,,,,,,,,,,,,,,,,,,,,,,,Financeiro,
,,,,,,,,,,,,,,,,,,,,,,,,,,,,,,RH,
,,,,,,,,,,,,,,,,,,,,,,,,,,,,,,TI,
,,,,,,,,,,,,,,,,,,,,,,,,,,,,,,RH,
,,,,,,,,,,,,,,,,,,,,,,,,,,,,,,RH,
,,,,,,,,,,,,,,,,,,,,,,,,,,,,,,Marketing,
,,,,,,,,,,,,,,,,,,,,,,,,,,,,,,TI,
,,,,,,,,,,,,,,,,,,,,,,,,,,,,,,RH,
,,,,,,,,,,,,,,,,,,,,,,,,,,,,,,Financeiro,
,,,,,,,,,,,,,,,,,,,,,,,,,,,,,,RH,
,,,,,,,,,,,,,,,,,,,,,,,,,,,,,,Marketing,
,,,,,,,,,,,,,,,,,,,,,,,,,,,,,,Operações,
,,,,,,,,,,,,,,,,,,,,,,,,,,,,,,Comercial,
,,,,,,,,,,,,,,,,,,,,,,,,,,,,,,Marketing,
,,,,,,,,,,,,,,,,,,,,,,,,,,,,,,Comercial,
,,,,,,,,,,,,,,,,,,,,,,,,,,,,,,TI,
,,,,,,,,,,,,,,,,,,,,,,,,,,,,,,Comercial,
,,,,,,,,,,,,,,,,,,,,,,,,,,,,,,Financeiro,
,,,,,,,,,,,,,,,,,,,,,,,,,,,,,,Financeiro,
,,,,,,,,,,,,,,,,,,,,,,,,,,,,,,Comercial,
,,,,,,,,,,,,,,,,,,,,,,,,,,,,,,Financeiro,
,,,,,,,,,,,,,,,,,,,,,,,,,,,,,,RH,
,,,,,,,,,,,,,,,,,,,,,,,,,,,,,,Marketing,
,,,,,,,,,,,,,,,,,,,,,,,,,,,,,,Operações,
,,,,,,,,,,,,,,,,,,,,,,,,,,,,,,Operações,
,,,,,,,,,,,,,,,,,,,,,,,,,,,,,,Operações,
,,,,,,,,,,,,,,,,,,,,,,,,,,,,,,TI,
,,,,,,,,,,,,,,,,,,,,,,,,,,,,,,TI,
,,,,,,,,,,,,,,,,,,,,,,,,,,,,,,Marketing,
,,,,,,,,,,,,,,,,,,,,,,,,,,,,,,Comercial,
,,,,,,,,,,,,,,,,,,,,,,,,,,,,,,TI,
,,,,,,,,,,,,,,,,,,,,,,,,,,,,,,Marketing,
,,,,,,,,,,,,,,,,,,,,,,,,,,,,,,TI,
,,,,,,,,,,,,,,,,,,,,,,,,,,,,,,Operações,
,,,,,,,,,,,,,,,,,,,,,,,,,,,,,,Operações,
,,,,,,,,,,,,,,,,,,,,,,,,,,,,,,Comercial,
,,,,,,,,,,,,,,,,,,,,,,,,,,,,,,Operações,
,,,,,,,,,,,,,,,,,,,,,,,,,,,,,,RH,
,,,,,,,,,,,,,,,,,,,,,,,,,,,,,,Financeiro,
,,,,,,,,,,,,,,,,,,,,,,,,,,,,,,TI,
,,,,,,,,,,,,,,,,,,,,,,,,,,,,,,Operações,
,,,,,,,,,,,,,,,,,,,,,,,,,,,,,,Marketing,
,,,,,,,,,,,,,,,,,,,,,,,,,,,,,,RH,
,,,,,,,,,,,,,,,,,,,,,,,,,,,,,,Financeiro,
,,,,,,,,,,,,,,,,,,,,,,,,,,,,,,Comercial,
,,,,,,,,,,,,,,,,,,,,,,,,,,,,,,Marketing,
,,,,,,,,,,,,,,,,,,,,,,,,,,,,,,Operações,
,,,,,,,,,,,,,,,,,,,,,,,,,,,,,,Financeiro,
,,,,,,,,,,,,,,,,,,,,,,,,,,,,,,Comercial,
,,,,,,,,,,,,,,,,,,,,,,,,,,,,,,Financeiro,
,,,,,,,,,,,,,,,,,,,,,,,,,,,,,,Financeiro,
,,,,,,,,,,,,,,,,,,,,,,,,,,,,,,TI,
,,,,,,,,,,,,,,,,,,,,,,,,,,,,,,RH,
,,,,,,,,,,,,,,,,,,,,,,,,,,,,,,RH,
,,,,,,,,,,,,,,,,,,,,,,,,,,,,,,Marketing,
,,,,,,,,,,,,,,,,,,,,,,,,,,,,,,TI,
,,,,,,,,,,,,,,,,,,,,,,,,,,,,,,Marketing,
,,,,,,,,,,,,,,,,,,,,,,,,,,,,,,Comercial,
,,,,,,,,,,,,,,,,,,,,,,,,,,,,,,Operações,
,,,,,,,,,,,,,,,,,,,,,,,,,,,,,,RH,
,,,,,,,,,,,,,,,,,,,,,,,,,,,,,,RH,
,,,,,,,,,,,,,,,,,,,,,,,,,,,,,,RH,
,,,,,,,,,,,,,,,,,,,,,,,,,,,,,,Operações,
,,,,,,,,,,,,,,,,,,,,,,,,,,,,,,Financeiro,
,,,,,,,,,,,,,,,,,,,,,,,,,,,,,,Operações,
,,,,,,,,,,,,,,,,,,,,,,,,,,,,,,Operações,
,,,,,,,,,,,,,,,,,,,,,,,,,,,,,,RH,
,,,,,,,,,,,,,,,,,,,,,,,,,,,,,,Marketing,
,,,,,,,,,,,,,,,,,,,,,,,,,,,,,,RH,
,,,,,,,,,,,,,,,,,,,,,,,,,,,,,,Operações,
,,,,,,,,,,,,,,,,,,,,,,,,,,,,,,RH,
,,,,,,,,,,,,,,,,,,,,,,,,,,,,,,Operações,
,,,,,,,,,,,,,,,,,,,,,,,,,,,,,,Operações,
,,,,,,,,,,,,,,,,,,,,,,,,,,,,,,Financeiro,
,,,,,,,,,,,,,,,,,,,,,,,,,,,,,,Comercial,
,,,,,,,,,,,,,,,,,,,,,,,,,,,,,,RH,
,,,,,,,,,,,,,,,,,,,,,,,,,,,,,,TI,
,,,,,,,,,,,,,,,,,,,,,,,,,,,,,,Marketing,
,,,,,,,,,,,,,,,,,,,,,,,,,,,,,,Operações,
,,,,,,,,,,,,,,,,,,,,,,,,,,,,,,Marketing,
,,,,,,,,,,,,,,,,,,,,,,,,,,,,,,Marketing,
,,,,,,,,,,,,,,,,,,,,,,,,,,,,,,Comercial,
,,,,,,,,,,,,,,,,,,,,,,,,,,,,,,Comercial,
,,,,,,,,,,,,,,,,,,,,,,,,,,,,,,Financeiro,
,,,,,,,,,,,,,,,,,,,,,,,,,,,,,,RH,
,,,,,,,,,,,,,,,,,,,,,,,,,,,,,,RH,
,,,,,,,,,,,,,,,,,,,,,,,,,,,,,,TI,
,,,,,,,,,,,,,,,,,,,,,,,,,,,,,,Financeiro,
,,,,,,,,,,,,,,,,,,,,,,,,,,,,,,Operações,
,,,,,,,,,,,,,,,,,,,,,,,,,,,,,,Operações,
,,,,,,,,,,,,,,,,,,,,,,,,,,,,,,Operações,
,,,,,,,,,,,,,,,,,,,,,,,,,,,,,,RH,
,,,,,,,,,,,,,,,,,,,,,,,,,,,,,,TI,
,,,,,,,,,,,,,,,,,,,,,,,,,,,,,,Financeiro,
,,,,,,,,,,,,,,,,,,,,,,,,,,,,,,Marketing,
,,,,,,,,,,,,,,,,,,,,,,,,,,,,,,Marketing,
,,,,,,,,,,,,,,,,,,,,,,,,,,,,,,Operações,
,,,,,,,,,,,,,,,,,,,,,,,,,,,,,,RH,
,,,,,,,,,,,,,,,,,,,,,,,,,,,,,,TI,
,,,,,,,,,,,,,,,,,,,,,,,,,,,,,,TI,
,,,,,,,,,,,,,,,,,,,,,,,,,,,,,,Marketing,
,,,,,,,,,,,,,,,,,,,,,,,,,,,,,,RH,
,,,,,,,,,,,,,,,,,,,,,,,,,,,,,,RH,
,,,,,,,,,,,,,,,,,,,,,,,,,,,,,,Financeiro,
,,,,,,,,,,,,,,,,,,,,,,,,,,,,,,Marketing,
,,,,,,,,,,,,,,,,,,,,,,,,,,,,,,TI,
,,,,,,,,,,,,,,,,,,,,,,,,,,,,,,Operações,
,,,,,,,,,,,,,,,,,,,,,,,,,,,,,,Operações,
,,,,,,,,,,,,,,,,,,,,,,,,,,,,,,TI,
,,,,,,,,,,,,,,,,,,,,,,,,,,,,,,TI,
,,,,,,,,,,,,,,,,,,,,,,,,,,,,,,TI,
,,,,,,,,,,,,,,,,,,,,,,,,,,,,,,Financeiro,
,,,,,,,,,,,,,,,,,,,,,,,,,,,,,,Operações,
,,,,,,,,,,,,,,,,,,,,,,,,,,,,,,RH,
,,,,,,,,,,,,,,,,,,,,,,,,,,,,,,Operações,
,,,,,,,,,,,,,,,,,,,,,,,,,,,,,,Marketing,
,,,,,,,,,,,,,,,,,,,,,,,,,,,,,,Marketing,
,,,,,,,,,,,,,,,,,,,,,,,,,,,,,,TI,
,,,,,,,,,,,,,,,,,,,,,,,,,,,,,,TI,
,,,,,,,,,,,,,,,,,,,,,,,,,,,,,,Operações,
,,,,,,,,,,,,,,,,,,,,,,,,,,,,,,TI,
,,,,,,,,,,,,,,,,,,,,,,,,,,,,,,Financeiro,
,,,,,,,,,,,,,,,,,,,,,,,,,,,,,,Marketing,
,,,,,,,,,,,,,,,,,,,,,,,,,,,,,,Marketing,
,,,,,,,,,,,,,,,,,,,,,,,,,,,,,,Comercial,
,,,,,,,,,,,,,,,,,,,,,,,,,,,,,,RH,
,,,,,,,,,,,,,,,,,,,,,,,,,,,,,,TI,
,,,,,,,,,,,,,,,,,,,,,,,,,,,,,,Financeiro,
,,,,,,,,,,,,,,,,,,,,,,,,,,,,,,RH,
,,,,,,,,,,,,,,,,,,,,,,,,,,,,,,Comercial,
,,,,,,,,,,,,,,,,,,,,,,,,,,,,,,Financeiro,
,,,,,,,,,,,,,,,,,,,,,,,,,,,,,,Operações,
,,,,,,,,,,,,,,,,,,,,,,,,,,,,,,RH,
,,,,,,,,,,,,,,,,,,,,,,,,,,,,,,RH,
,,,,,,,,,,,,,,,,,,,,,,,,,,,,,,Comercial,
,,,,,,,,,,,,,,,,,,,,,,,,,,,,,,Operações,
,,,,,,,,,,,,,,,,,,,,,,,,,,,,,,TI,
,,,,,,,,,,,,,,,,,,,,,,,,,,,,,,RH,
,,,,,,,,,,,,,,,,,,,,,,,,,,,,,,Operações,
,,,,,,,,,,,,,,,,,,,,,,,,,,,,,,Marketing,
,,,,,,,,,,,,,,,,,,,,,,,,,,,,,,Comercial,
,,,,,,,,,,,,,,,,,,,,,,,,,,,,,,Marketing,
,,,,,,,,,,,,,,,,,,,,,,,,,,,,,,Marketing,
,,,,,,,,,,,,,,,,,,,,,,,,,,,,,,RH,
,,,,,,,,,,,,,,,,,,,,,,,,,,,,,,TI,
,,,,,,,,,,,,,,,,,,,,,,,,,,,,,,TI,
,,,,,,,,,,,,,,,,,,,,,,,,,,,,,,Operações,
,,,,,,,,,,,,,,,,,,,,,,,,,,,,,,Operações,
,,,,,,,,,,,,,,,,,,,,,,,,,,,,,,Comercial,
,,,,,,,,,,,,,,,,,,,,,,,,,,,,,,Comercial,
,,,,,,,,,,,,,,,,,,,,,,,,,,,,,,Marketing,
,,,,,,,,,,,,,,,,,,,,,,,,,,,,,,Operações,
,,,,,,,,,,,,,,,,,,,,,,,,,,,,,,Comercial,
,,,,,,,,,,,,,,,,,,,,,,,,,,,,,,Marketing,
,,,,,,,,,,,,,,,,,,,,,,,,,,,,,,Financeiro,
,,,,,,,,,,,,,,,,,,,,,,,,,,,,,,TI,
,,,,,,,,,,,,,,,,,,,,,,,,,,,,,,Financeiro,
,,,,,,,,,,,,,,,,,,,,,,,,,,,,,,Financeiro,
,,,,,,,,,,,,,,,,,,,,,,,,,,,,,,Financeiro,
,,,,,,,,,,,,,,,,,,,,,,,,,,,,,,Comercial,
,,,,,,,,,,,,,,,,,,,,,,,,,,,,,,Comercial,
,,,,,,,,,,,,,,,,,,,,,,,,,,,,,,Operações,
,,,,,,,,,,,,,,,,,,,,,,,,,,,,,,Comercial,
,,,,,,,,,,,,,,,,,,,,,,,,,,,,,,Operações,
,,,,,,,,,,,,,,,,,,,,,,,,,,,,,,Financeiro,
,,,,,,,,,,,,,,,,,,,,,,,,,,,,,,Marketing,
,,,,,,,,,,,,,,,,,,,,,,,,,,,,,,Comercial,
,,,,,,,,,,,,,,,,,,,,,,,,,,,,,,Operações,
,,,,,,,,,,,,,,,,,,,,,,,,,,,,,,Financeiro,
,,,,,,,,,,,,,,,,,,,,,,,,,,,,,,Comercial,
,,,,,,,,,,,,,,,,,,,,,,,,,,,,,,Financeiro,
,,,,,,,,,,,,,,,,,,,,,,,,,,,,,,Comercial,
,,,,,,,,,,,,,,,,,,,,,,,,,,,,,,Comercial,
,,,,,,,,,,,,,,,,,,,,,,,,,,,,,,TI,
,,,,,,,,,,,,,,,,,,,,,,,,,,,,,,Comercial,
,,,,,,,,,,,,,,,,,,,,,,,,,,,,,,Marketing,
,,,,,,,,,,,,,,,,,,,,,,,,,,,,,,Financeiro,
,,,,,,,,,,,,,,,,,,,,,,,,,,,,,,Comercial,
,,,,,,,,,,,,,,,,,,,,,,,,,,,,,,Financeiro,